{
    "0": {
        "precision": 0.5247215165135822,
        "recall": 0.5052215636466272,
        "f1-score": 0.5147869433926089,
        "support": 10629.0
    },
    "1": {
        "precision": 0.2039092664092664,
        "recall": 0.20440251572327045,
        "f1-score": 0.20415559313843923,
        "support": 4134.0
    },
    "2": {
        "precision": 0.14301152737752162,
        "recall": 0.14802386278896346,
        "f1-score": 0.14547453279589592,
        "support": 2682.0
    },
    "3": {
        "precision": 0.07180694526191878,
        "recall": 0.08149632598530394,
        "f1-score": 0.07634543178973717,
        "support": 1497.0
    },
    "4": {
        "precision": 0.03917301414581066,
        "recall": 0.0410958904109589,
        "f1-score": 0.04011142061281337,
        "support": 876.0
    },
    "5": {
        "precision": 0.0058823529411764705,
        "recall": 0.008,
        "f1-score": 0.006779661016949152,
        "support": 125.0
    },
    "6": {
        "precision": 0.0,
        "recall": 0.0,
        "f1-score": 0.0,
        "support": 57.0
    },
    "accuracy": 0.33855,
    "macro avg": {
        "precision": 0.14121494609275373,
        "recall": 0.14117716550787485,
        "f1-score": 0.1410933689637777,
        "support": 20000.0
    },
    "weighted avg": {
        "precision": 0.3473164337175878,
        "recall": 0.33855,
        "f1-score": 0.342804325689306,
        "support": 20000.0
    },
    "time": 2.2206239700317383
}