{
    "0": {
        "precision": 0.2558139534883721,
        "recall": 0.16923076923076924,
        "f1-score": 0.2037037037037037,
        "support": 65.0
    },
    "1": {
        "precision": 0.16666666666666666,
        "recall": 0.16981132075471697,
        "f1-score": 0.16822429906542055,
        "support": 53.0
    },
    "2": {
        "precision": 0.12280701754385964,
        "recall": 0.12962962962962962,
        "f1-score": 0.12612612612612611,
        "support": 54.0
    },
    "3": {
        "precision": 0.16129032258064516,
        "recall": 0.18518518518518517,
        "f1-score": 0.1724137931034483,
        "support": 54.0
    },
    "4": {
        "precision": 0.09090909090909091,
        "recall": 0.09090909090909091,
        "f1-score": 0.09090909090909091,
        "support": 55.0
    },
    "5": {
        "precision": 0.21428571428571427,
        "recall": 0.20689655172413793,
        "f1-score": 0.21052631578947367,
        "support": 58.0
    },
    "6": {
        "precision": 0.14705882352941177,
        "recall": 0.17857142857142858,
        "f1-score": 0.16129032258064516,
        "support": 56.0
    },
    "accuracy": 0.1620253164556962,
    "macro avg": {
        "precision": 0.16554736985768007,
        "recall": 0.16146199657213692,
        "f1-score": 0.1618848073254155,
        "support": 395.0
    },
    "weighted avg": {
        "precision": 0.16826927145068168,
        "recall": 0.1620253164556962,
        "f1-score": 0.16334321167065985,
        "support": 395.0
    },
    "time": 0.02204585075378418
}