{
    "In poverty": {
        "precision": 0.2071090047393365,
        "recall": 0.23918992884510126,
        "f1-score": 0.22199644399288798,
        "support": 1827.0
    },
    "Near poverty": {
        "precision": 0.1871737509321402,
        "recall": 0.14124929656724816,
        "f1-score": 0.16100064143681847,
        "support": 1777.0
    },
    "Lower-middle income": {
        "precision": 0.19755792110206638,
        "recall": 0.3662217063261753,
        "f1-score": 0.2566605653853976,
        "support": 1723.0
    },
    "Middle income": {
        "precision": 0.21428571428571427,
        "recall": 0.2234762979683973,
        "f1-score": 0.21878453038674034,
        "support": 1772.0
    },
    "Higher income": {
        "precision": 0.2019704433497537,
        "recall": 0.04555555555555556,
        "f1-score": 0.0743427017225748,
        "support": 1800.0
    },
    "accuracy": 0.20193280143836387,
    "macro avg": {
        "precision": 0.2016193668818022,
        "recall": 0.2031385570524955,
        "f1-score": 0.18655697658488385,
        "support": 8899.0
    },
    "weighted avg": {
        "precision": 0.20166864691177475,
        "recall": 0.20193280143836387,
        "f1-score": 0.18602256973965745,
        "support": 8899.0
    },
    "time": 0.16091489791870117
}