{
    "0": {
        "precision": 0.5275197966565647,
        "recall": 0.5076677015711732,
        "f1-score": 0.5174033943810529,
        "support": 10629.0
    },
    "1": {
        "precision": 0.20622659176029962,
        "recall": 0.2131107885824867,
        "f1-score": 0.20961218177492266,
        "support": 4134.0
    },
    "2": {
        "precision": 0.12992700729927006,
        "recall": 0.13273676360924683,
        "f1-score": 0.13131685724824788,
        "support": 2682.0
    },
    "3": {
        "precision": 0.07336621454993834,
        "recall": 0.07949231796927188,
        "f1-score": 0.07630650849631292,
        "support": 1497.0
    },
    "4": {
        "precision": 0.050493962678375415,
        "recall": 0.05251141552511415,
        "f1-score": 0.0514829322887521,
        "support": 876.0
    },
    "5": {
        "precision": 0.006172839506172839,
        "recall": 0.008,
        "f1-score": 0.006968641114982578,
        "support": 125.0
    },
    "6": {
        "precision": 0.0,
        "recall": 0.0,
        "f1-score": 0.0,
        "support": 57.0
    },
    "accuracy": 0.33995,
    "macro avg": {
        "precision": 0.14195805892151728,
        "recall": 0.14193128389389897,
        "f1-score": 0.14187007361489587,
        "support": 20000.0
    },
    "weighted avg": {
        "precision": 0.3481423211001066,
        "recall": 0.33995,
        "f1-score": 0.3439205110758421,
        "support": 20000.0
    },
    "time": 1.8452458381652832
}