{
    "0": {
        "precision": 0.1836734693877551,
        "recall": 0.13846153846153847,
        "f1-score": 0.15789473684210525,
        "support": 65.0
    },
    "1": {
        "precision": 0.19696969696969696,
        "recall": 0.24528301886792453,
        "f1-score": 0.2184873949579832,
        "support": 53.0
    },
    "2": {
        "precision": 0.16363636363636364,
        "recall": 0.16666666666666666,
        "f1-score": 0.1651376146788991,
        "support": 54.0
    },
    "3": {
        "precision": 0.1836734693877551,
        "recall": 0.16666666666666666,
        "f1-score": 0.17475728155339806,
        "support": 54.0
    },
    "4": {
        "precision": 0.14583333333333334,
        "recall": 0.12727272727272726,
        "f1-score": 0.13592233009708737,
        "support": 55.0
    },
    "5": {
        "precision": 0.09090909090909091,
        "recall": 0.10344827586206896,
        "f1-score": 0.0967741935483871,
        "support": 58.0
    },
    "6": {
        "precision": 0.08064516129032258,
        "recall": 0.08928571428571429,
        "f1-score": 0.0847457627118644,
        "support": 56.0
    },
    "accuracy": 0.1468354430379747,
    "macro avg": {
        "precision": 0.14933436927347393,
        "recall": 0.14815494401190096,
        "f1-score": 0.14767418776996064,
        "support": 395.0
    },
    "weighted avg": {
        "precision": 0.1492217470157446,
        "recall": 0.1468354430379747,
        "f1-score": 0.14691571725839156,
        "support": 395.0
    },
    "time": 0.0287020206451416
}