{
    "0": {
        "precision": 0.1346153846153846,
        "recall": 0.1076923076923077,
        "f1-score": 0.11965811965811966,
        "support": 65.0
    },
    "1": {
        "precision": 0.11666666666666667,
        "recall": 0.1320754716981132,
        "f1-score": 0.12389380530973451,
        "support": 53.0
    },
    "2": {
        "precision": 0.1864406779661017,
        "recall": 0.2037037037037037,
        "f1-score": 0.19469026548672566,
        "support": 54.0
    },
    "3": {
        "precision": 0.05263157894736842,
        "recall": 0.05555555555555555,
        "f1-score": 0.05405405405405406,
        "support": 54.0
    },
    "4": {
        "precision": 0.13725490196078433,
        "recall": 0.12727272727272726,
        "f1-score": 0.1320754716981132,
        "support": 55.0
    },
    "5": {
        "precision": 0.1724137931034483,
        "recall": 0.1724137931034483,
        "f1-score": 0.1724137931034483,
        "support": 58.0
    },
    "6": {
        "precision": 0.15517241379310345,
        "recall": 0.16071428571428573,
        "f1-score": 0.15789473684210525,
        "support": 56.0
    },
    "accuracy": 0.13670886075949368,
    "macro avg": {
        "precision": 0.1364564881504082,
        "recall": 0.13706112067716306,
        "f1-score": 0.1363828923074715,
        "support": 395.0
    },
    "weighted avg": {
        "precision": 0.1369162278149814,
        "recall": 0.13670886075949368,
        "f1-score": 0.13641164283784793,
        "support": 395.0
    },
    "time": 0.030504941940307617
}