{
    "0": {
        "precision": 0.20607734806629835,
        "recall": 0.20415982484948003,
        "f1-score": 0.20511410503161948,
        "support": 1827.0
    },
    "1": {
        "precision": 0.21109902067464636,
        "recall": 0.21834552616769837,
        "f1-score": 0.21466113416320884,
        "support": 1777.0
    },
    "2": {
        "precision": 0.20238095238095238,
        "recall": 0.20719674985490424,
        "f1-score": 0.20476053914539719,
        "support": 1723.0
    },
    "3": {
        "precision": 0.19434832756632064,
        "recall": 0.1901805869074492,
        "f1-score": 0.19224187107815174,
        "support": 1772.0
    },
    "4": {
        "precision": 0.2053622361665716,
        "recall": 0.2,
        "f1-score": 0.20264565156206024,
        "support": 1800.0
    },
    "accuracy": 0.20395550061804696,
    "macro avg": {
        "precision": 0.20385357697095788,
        "recall": 0.2039765375559064,
        "f1-score": 0.20388466019608747,
        "support": 8899.0
    },
    "weighted avg": {
        "precision": 0.20388424734865757,
        "recall": 0.20395550061804696,
        "f1-score": 0.2038895923823467,
        "support": 8899.0
    },
    "time": 0.6021020412445068
}