{
    "Domestic": {
        "precision": 0.4973221117061974,
        "recall": 0.5569837189374465,
        "f1-score": 0.5254648342764754,
        "support": 1167.0
    },
    "International": {
        "precision": 0.5118035882908404,
        "recall": 0.45204336947456214,
        "f1-score": 0.4800708591674048,
        "support": 1199.0
    },
    "accuracy": 0.503803888419273,
    "macro avg": {
        "precision": 0.5045628499985189,
        "recall": 0.5045135442060042,
        "f1-score": 0.5027678467219401,
        "support": 2366.0
    },
    "weighted avg": {
        "precision": 0.5046607805248733,
        "recall": 0.503803888419273,
        "f1-score": 0.5024608714042118,
        "support": 2366.0
    },
    "time": 0.01799488067626953
}