{
    "Female": {
        "precision": 0.3761467889908257,
        "recall": 0.1984511132623427,
        "f1-score": 0.2598225602027883,
        "support": 1033.0
    },
    "Male": {
        "precision": 0.3225440090857467,
        "recall": 0.5916666666666667,
        "f1-score": 0.4174935685409776,
        "support": 960.0
    },
    "Nonbinary": {
        "precision": 0.35674931129476584,
        "recall": 0.2492781520692974,
        "f1-score": 0.2934844192634561,
        "support": 1039.0
    },
    "accuracy": 0.3403693931398417,
    "macro avg": {
        "precision": 0.35181336979044603,
        "recall": 0.34646531066610226,
        "f1-score": 0.323600182669074,
        "support": 3032.0
    },
    "weighted avg": {
        "precision": 0.3525278417497037,
        "recall": 0.3403693931398417,
        "f1-score": 0.3212799611159465,
        "support": 3032.0
    },
    "time": 0.03332805633544922
}