{
    "0": {
        "precision": 0.9416019287436378,
        "recall": 0.9329546661004353,
        "f1-score": 0.9372583526651201,
        "support": 18838.0
    },
    "1": {
        "precision": 0.05393258426966292,
        "recall": 0.06196213425129088,
        "f1-score": 0.05766920304365238,
        "support": 1162.0
    },
    "accuracy": 0.88235,
    "macro avg": {
        "precision": 0.4977672565066504,
        "recall": 0.49745840017586307,
        "f1-score": 0.4974637778543863,
        "support": 20000.0
    },
    "weighted avg": {
        "precision": 0.8900283398296999,
        "recall": 0.88235,
        "f1-score": 0.8861542230721129,
        "support": 20000.0
    },
    "time": 1.207108974456787
}