{
    "Female": {
        "precision": 0.3573170731707317,
        "recall": 0.2836398838334947,
        "f1-score": 0.31624392876416624,
        "support": 1033.0
    },
    "Male": {
        "precision": 0.3167883211678832,
        "recall": 0.678125,
        "f1-score": 0.4318407960199005,
        "support": 960.0
    },
    "Nonbinary": {
        "precision": 0.34394904458598724,
        "recall": 0.0519730510105871,
        "f1-score": 0.0903010033444816,
        "support": 1039.0
    },
    "accuracy": 0.329155672823219,
    "macro avg": {
        "precision": 0.339351479641534,
        "recall": 0.33791264494802725,
        "f1-score": 0.27946190937618276,
        "support": 3032.0
    },
    "weighted avg": {
        "precision": 0.3399038199971552,
        "recall": 0.329155672823219,
        "f1-score": 0.27541882752882735,
        "support": 3032.0
    },
    "time": 0.04027700424194336
}