{
    "0": {
        "precision": 0.10714285714285714,
        "recall": 0.09230769230769231,
        "f1-score": 0.09917355371900827,
        "support": 65.0
    },
    "1": {
        "precision": 0.1276595744680851,
        "recall": 0.11320754716981132,
        "f1-score": 0.12,
        "support": 53.0
    },
    "2": {
        "precision": 0.10294117647058823,
        "recall": 0.12962962962962962,
        "f1-score": 0.11475409836065574,
        "support": 54.0
    },
    "3": {
        "precision": 0.12727272727272726,
        "recall": 0.12962962962962962,
        "f1-score": 0.12844036697247707,
        "support": 54.0
    },
    "4": {
        "precision": 0.0945945945945946,
        "recall": 0.12727272727272726,
        "f1-score": 0.10852713178294573,
        "support": 55.0
    },
    "5": {
        "precision": 0.14285714285714285,
        "recall": 0.08620689655172414,
        "f1-score": 0.10752688172043011,
        "support": 58.0
    },
    "6": {
        "precision": 0.16666666666666666,
        "recall": 0.17857142857142858,
        "f1-score": 0.1724137931034483,
        "support": 56.0
    },
    "accuracy": 0.12151898734177215,
    "macro avg": {
        "precision": 0.12416210563895168,
        "recall": 0.12240365016180614,
        "f1-score": 0.12154797509413788,
        "support": 395.0
    },
    "weighted avg": {
        "precision": 0.12400897287337616,
        "recall": 0.12151898734177215,
        "f1-score": 0.1210114073958602,
        "support": 395.0
    },
    "time": 0.025825977325439453
}