{
    "0": {
        "precision": 0.5309550773876934,
        "recall": 0.5293066139806191,
        "f1-score": 0.5301295641931685,
        "support": 10629.0
    },
    "1": {
        "precision": 0.21219572166215883,
        "recall": 0.20875665215287856,
        "f1-score": 0.21046213876356543,
        "support": 4134.0
    },
    "2": {
        "precision": 0.13627854736053913,
        "recall": 0.13571961222967935,
        "f1-score": 0.13599850551092846,
        "support": 2682.0
    },
    "3": {
        "precision": 0.07275047862156987,
        "recall": 0.07615230460921844,
        "f1-score": 0.07441253263707572,
        "support": 1497.0
    },
    "4": {
        "precision": 0.03733955659276546,
        "recall": 0.0365296803652968,
        "f1-score": 0.03693017888055395,
        "support": 876.0
    },
    "5": {
        "precision": 0.0106951871657754,
        "recall": 0.016,
        "f1-score": 0.01282051282051282,
        "support": 125.0
    },
    "6": {
        "precision": 0.0,
        "recall": 0.0,
        "f1-score": 0.0,
        "support": 57.0
    },
    "accuracy": 0.35005,
    "macro avg": {
        "precision": 0.1428877955415003,
        "recall": 0.14320926619109886,
        "f1-score": 0.142964776115115,
        "support": 20000.0
    },
    "weighted avg": {
        "precision": 0.35145957556967994,
        "recall": 0.35005,
        "f1-score": 0.3507447286698855,
        "support": 20000.0
    },
    "time": 2.287186861038208
}