{
    "0": {
        "precision": 0.2,
        "recall": 0.2,
        "f1-score": 0.2,
        "support": 65.0
    },
    "1": {
        "precision": 0.13114754098360656,
        "recall": 0.1509433962264151,
        "f1-score": 0.14035087719298245,
        "support": 53.0
    },
    "2": {
        "precision": 0.07407407407407407,
        "recall": 0.07407407407407407,
        "f1-score": 0.07407407407407407,
        "support": 54.0
    },
    "3": {
        "precision": 0.1276595744680851,
        "recall": 0.1111111111111111,
        "f1-score": 0.1188118811881188,
        "support": 54.0
    },
    "4": {
        "precision": 0.14516129032258066,
        "recall": 0.16363636363636364,
        "f1-score": 0.15384615384615385,
        "support": 55.0
    },
    "5": {
        "precision": 0.1276595744680851,
        "recall": 0.10344827586206896,
        "f1-score": 0.11428571428571428,
        "support": 58.0
    },
    "6": {
        "precision": 0.23728813559322035,
        "recall": 0.25,
        "f1-score": 0.24347826086956523,
        "support": 56.0
    },
    "accuracy": 0.1518987341772152,
    "macro avg": {
        "precision": 0.14899859855852166,
        "recall": 0.15045903155857612,
        "f1-score": 0.1492638516366584,
        "support": 395.0
    },
    "weighted avg": {
        "precision": 0.1506853128443518,
        "recall": 0.1518987341772152,
        "f1-score": 0.1508337482890937,
        "support": 395.0
    },
    "time": 0.015073060989379883
}