{
    "0": {
        "precision": 0.5305325331046966,
        "recall": 0.5239439269921912,
        "f1-score": 0.5272176465019407,
        "support": 10629.0
    },
    "1": {
        "precision": 0.208955223880597,
        "recall": 0.20996613449443638,
        "f1-score": 0.20945945945945946,
        "support": 4134.0
    },
    "2": {
        "precision": 0.1307331166486096,
        "recall": 0.13497390007457122,
        "f1-score": 0.13281966611630894,
        "support": 2682.0
    },
    "3": {
        "precision": 0.07822685788787484,
        "recall": 0.08016032064128256,
        "f1-score": 0.0791817881887166,
        "support": 1497.0
    },
    "4": {
        "precision": 0.04373522458628842,
        "recall": 0.04223744292237443,
        "f1-score": 0.0429732868757259,
        "support": 876.0
    },
    "5": {
        "precision": 0.013888888888888888,
        "recall": 0.016,
        "f1-score": 0.01486988847583643,
        "support": 125.0
    },
    "6": {
        "precision": 0.0,
        "recall": 0.0,
        "f1-score": 0.0,
        "support": 57.0
    },
    "accuracy": 0.3479,
    "macro avg": {
        "precision": 0.14372454928527936,
        "recall": 0.1438973893035508,
        "f1-score": 0.14378881937399826,
        "support": 20000.0
    },
    "weighted avg": {
        "precision": 0.3505315591425314,
        "recall": 0.3479,
        "f1-score": 0.34919812934397987,
        "support": 20000.0
    },
    "time": 1.7564589977264404
}