{
    "0": {
        "precision": 0.4924496644295302,
        "recall": 0.5029991431019709,
        "f1-score": 0.4976685036032217,
        "support": 1167.0
    },
    "1": {
        "precision": 0.5059625212947189,
        "recall": 0.4954128440366973,
        "f1-score": 0.5006321112515802,
        "support": 1199.0
    },
    "accuracy": 0.4991546914623838,
    "macro avg": {
        "precision": 0.49920609286212453,
        "recall": 0.4992059935693341,
        "f1-score": 0.49915030742740096,
        "support": 2366.0
    },
    "weighted avg": {
        "precision": 0.49929747312833034,
        "recall": 0.4991546914623838,
        "f1-score": 0.49917034873017935,
        "support": 2366.0
    },
    "time": 0.09307622909545898
}