{
    "0": {
        "precision": 0.942609257961955,
        "recall": 0.928548678203631,
        "f1-score": 0.9355261398582698,
        "support": 18838.0
    },
    "1": {
        "precision": 0.06722106722106722,
        "recall": 0.08347676419965576,
        "f1-score": 0.0744721689059501,
        "support": 1162.0
    },
    "accuracy": 0.87945,
    "macro avg": {
        "precision": 0.5049151625915111,
        "recall": 0.5060127212016433,
        "f1-score": 0.50499915438211,
        "support": 20000.0
    },
    "weighted avg": {
        "precision": 0.8917492040799094,
        "recall": 0.87945,
        "f1-score": 0.8854989041459401,
        "support": 20000.0
    },
    "time": 1.4610729217529297
}