{
    "0": {
        "precision": 0.4725634725634726,
        "recall": 0.4944301628106255,
        "f1-score": 0.483249581239531,
        "support": 1167.0
    },
    "1": {
        "precision": 0.4847161572052402,
        "recall": 0.4628857381150959,
        "f1-score": 0.4735494880546075,
        "support": 1199.0
    },
    "accuracy": 0.47844463229078615,
    "macro avg": {
        "precision": 0.47863981488435636,
        "recall": 0.47865795046286075,
        "f1-score": 0.47839953464706925,
        "support": 2366.0
    },
    "weighted avg": {
        "precision": 0.4787219970290175,
        "recall": 0.47844463229078615,
        "f1-score": 0.4783339380743901,
        "support": 2366.0
    },
    "time": 0.11462926864624023
}