{
    "0": {
        "precision": 0.19140328697850822,
        "recall": 0.19020100502512563,
        "f1-score": 0.19080025204788909,
        "support": 3980.0
    },
    "1": {
        "precision": 0.17722178785509513,
        "recall": 0.17941952506596306,
        "f1-score": 0.17831388488265373,
        "support": 3790.0
    },
    "2": {
        "precision": 0.1330354073564799,
        "recall": 0.13531468531468532,
        "f1-score": 0.13416536661466458,
        "support": 2860.0
    },
    "3": {
        "precision": 0.36963476406291657,
        "recall": 0.36884809789837725,
        "f1-score": 0.3692410119840213,
        "support": 7518.0
    },
    "4": {
        "precision": 0.07790762381747357,
        "recall": 0.0755939524838013,
        "f1-score": 0.07673335160317896,
        "support": 1852.0
    },
    "accuracy": 0.23685,
    "macro avg": {
        "precision": 0.18984057401409465,
        "recall": 0.18987545315759052,
        "f1-score": 0.18985077342648154,
        "support": 20000.0
    },
    "weighted avg": {
        "precision": 0.23685679993598868,
        "recall": 0.23685,
        "f1-score": 0.23684858353193786,
        "support": 20000.0
    },
    "time": 1.9015100002288818
}