{
    "European American or white": {
        "precision": 0.0,
        "recall": 0.0,
        "f1-score": 0.0,
        "support": 65.0
    },
    "Latino/a/x American": {
        "precision": 0.14655172413793102,
        "recall": 0.32075471698113206,
        "f1-score": 0.20118343195266272,
        "support": 53.0
    },
    "African American or Black": {
        "precision": 0.14705882352941177,
        "recall": 0.2777777777777778,
        "f1-score": 0.19230769230769232,
        "support": 54.0
    },
    "Asian American": {
        "precision": 0.057692307692307696,
        "recall": 0.05555555555555555,
        "f1-score": 0.05660377358490566,
        "support": 54.0
    },
    "Multiracial": {
        "precision": 0.14473684210526316,
        "recall": 0.2,
        "f1-score": 0.16793893129770993,
        "support": 55.0
    },
    "American Indian or Alaska Native": {
        "precision": 0.1276595744680851,
        "recall": 0.10344827586206896,
        "f1-score": 0.11428571428571428,
        "support": 58.0
    },
    "Pacific Islander": {
        "precision": 0.0,
        "recall": 0.0,
        "f1-score": 0.0,
        "support": 56.0
    },
    "accuracy": 0.13164556962025317,
    "macro avg": {
        "precision": 0.0890998959904284,
        "recall": 0.13679090373950492,
        "f1-score": 0.10461707763266927,
        "support": 395.0
    },
    "weighted avg": {
        "precision": 0.08655337746891548,
        "recall": 0.13164556962025317,
        "f1-score": 0.10118773089021998,
        "support": 395.0
    },
    "time": 0.008707761764526367
}