{
    "In poverty": {
        "precision": 0.21816386969397827,
        "recall": 0.12096332785987958,
        "f1-score": 0.1556338028169014,
        "support": 1827.0
    },
    "Near poverty": {
        "precision": 0.21131680055885435,
        "recall": 0.3404614518851998,
        "f1-score": 0.2607758620689655,
        "support": 1777.0
    },
    "Lower-middle income": {
        "precision": 0.20444290177021868,
        "recall": 0.3418456181079512,
        "f1-score": 0.25586446568201565,
        "support": 1723.0
    },
    "Middle income": {
        "precision": 0.20332850940665703,
        "recall": 0.15857787810383747,
        "f1-score": 0.1781864299302473,
        "support": 1772.0
    },
    "Higher income": {
        "precision": 0.2026315789473684,
        "recall": 0.08555555555555555,
        "f1-score": 0.1203125,
        "support": 1800.0
    },
    "accuracy": 0.20788852680076414,
    "macro avg": {
        "precision": 0.2079767320754154,
        "recall": 0.20948076630248474,
        "f1-score": 0.19415461209962598,
        "support": 8899.0
    },
    "weighted avg": {
        "precision": 0.20804421002898402,
        "recall": 0.20788852680076414,
        "f1-score": 0.19338183985274096,
        "support": 8899.0
    },
    "time": 0.17834210395812988
}