{
    "0": {
        "precision": 0.2088888888888889,
        "recall": 0.20580186097427478,
        "f1-score": 0.2073338847532396,
        "support": 1827.0
    },
    "1": {
        "precision": 0.1929520508376661,
        "recall": 0.1879572312886888,
        "f1-score": 0.1904218928164196,
        "support": 1777.0
    },
    "2": {
        "precision": 0.1858974358974359,
        "recall": 0.18514219384793965,
        "f1-score": 0.18551904623437046,
        "support": 1723.0
    },
    "3": {
        "precision": 0.21212121212121213,
        "recall": 0.21331828442437922,
        "f1-score": 0.21271806415306696,
        "support": 1772.0
    },
    "4": {
        "precision": 0.2016042780748663,
        "recall": 0.20944444444444443,
        "f1-score": 0.20544959128065396,
        "support": 1800.0
    },
    "accuracy": 0.20047196314192606,
    "macro avg": {
        "precision": 0.2002927731640139,
        "recall": 0.20033280299594533,
        "f1-score": 0.2002884958475501,
        "support": 8899.0
    },
    "weighted avg": {
        "precision": 0.2004251674124466,
        "recall": 0.20047196314192606,
        "f1-score": 0.20042405906564542,
        "support": 8899.0
    },
    "time": 0.5817029476165771
}