{
    "0": {
        "precision": 0.5038103302286198,
        "recall": 0.5098543273350471,
        "f1-score": 0.5068143100511073,
        "support": 1167.0
    },
    "1": {
        "precision": 0.5172995780590718,
        "recall": 0.5112593828190158,
        "f1-score": 0.514261744966443,
        "support": 1199.0
    },
    "accuracy": 0.5105663567202029,
    "macro avg": {
        "precision": 0.5105549541438458,
        "recall": 0.5105568550770314,
        "f1-score": 0.5105380275087752,
        "support": 2366.0
    },
    "weighted avg": {
        "precision": 0.5106461747547026,
        "recall": 0.5105663567202029,
        "f1-score": 0.5105883905513133,
        "support": 2366.0
    },
    "time": 0.12361598014831543
}