{
    "0": {
        "precision": 0.1969342686412055,
        "recall": 0.19045226130653267,
        "f1-score": 0.1936390343594329,
        "support": 3980.0
    },
    "1": {
        "precision": 0.18783542039355994,
        "recall": 0.19393139841688653,
        "f1-score": 0.1908347397118006,
        "support": 3790.0
    },
    "2": {
        "precision": 0.13797722705961152,
        "recall": 0.14405594405594405,
        "f1-score": 0.14095107765993842,
        "support": 2860.0
    },
    "3": {
        "precision": 0.36918138041733545,
        "recall": 0.3671189146049481,
        "f1-score": 0.3681472589035614,
        "support": 7518.0
    },
    "4": {
        "precision": 0.0990990990990991,
        "recall": 0.09503239740820735,
        "f1-score": 0.0970231532524807,
        "support": 1852.0
    },
    "accuracy": 0.24205,
    "macro avg": {
        "precision": 0.1982054791221623,
        "recall": 0.19811818315850374,
        "f1-score": 0.19811905277744282,
        "support": 20000.0
    },
    "weighted avg": {
        "precision": 0.24246733256915695,
        "recall": 0.24205,
        "f1-score": 0.24222425373131304,
        "support": 20000.0
    },
    "time": 1.4997000694274902
}