{
    "In poverty": {
        "precision": 0.18104906937394247,
        "recall": 0.11713191023535852,
        "f1-score": 0.1422399468261881,
        "support": 1827.0
    },
    "Near poverty": {
        "precision": 0.18714555765595464,
        "recall": 0.1671356218345526,
        "f1-score": 0.17657550535077288,
        "support": 1777.0
    },
    "Lower-middle income": {
        "precision": 0.19493293591654248,
        "recall": 0.379570516540917,
        "f1-score": 0.25758172508861754,
        "support": 1723.0
    },
    "Middle income": {
        "precision": 0.194090382387022,
        "recall": 0.18905191873589164,
        "f1-score": 0.19153802172670098,
        "support": 1772.0
    },
    "Higher income": {
        "precision": 0.18779790276453764,
        "recall": 0.10944444444444444,
        "f1-score": 0.1382941382941383,
        "support": 1800.0
    },
    "accuracy": 0.1906955837734577,
    "macro avg": {
        "precision": 0.18900316961959987,
        "recall": 0.19246688235823287,
        "f1-score": 0.18124586745728355,
        "support": 8899.0
    },
    "weighted avg": {
        "precision": 0.18891652285099422,
        "recall": 0.1906955837734577,
        "f1-score": 0.1804467009345567,
        "support": 8899.0
    },
    "time": 0.15554285049438477
}