{
    "0": {
        "precision": 0.21073225265511458,
        "recall": 0.20634920634920634,
        "f1-score": 0.20851769911504425,
        "support": 1827.0
    },
    "1": {
        "precision": 0.2152619589977221,
        "recall": 0.21271806415306696,
        "f1-score": 0.21398245117463913,
        "support": 1777.0
    },
    "2": {
        "precision": 0.192,
        "recall": 0.1950087057457922,
        "f1-score": 0.1934926576446876,
        "support": 1723.0
    },
    "3": {
        "precision": 0.19141727837380013,
        "recall": 0.19130925507900678,
        "f1-score": 0.1913632514817951,
        "support": 1772.0
    },
    "4": {
        "precision": 0.2144026186579378,
        "recall": 0.21833333333333332,
        "f1-score": 0.21635012386457472,
        "support": 1800.0
    },
    "accuracy": 0.20485447803123946,
    "macro avg": {
        "precision": 0.20476282173691493,
        "recall": 0.20474371293208113,
        "f1-score": 0.20474123665614816,
        "support": 8899.0
    },
    "weighted avg": {
        "precision": 0.20490622065428796,
        "recall": 0.20485447803123946,
        "f1-score": 0.2048682330289124,
        "support": 8899.0
    },
    "time": 0.5882198810577393
}