{
    "In poverty": {
        "precision": 0.18951612903225806,
        "recall": 0.07717569786535304,
        "f1-score": 0.10968494749124855,
        "support": 1827.0
    },
    "Near poverty": {
        "precision": 0.20588235294117646,
        "recall": 0.1221159257175014,
        "f1-score": 0.15330271988696573,
        "support": 1777.0
    },
    "Lower-middle income": {
        "precision": 0.20207774798927614,
        "recall": 0.3499709808473593,
        "f1-score": 0.25621414913957935,
        "support": 1723.0
    },
    "Middle income": {
        "precision": 0.20485744456177402,
        "recall": 0.21896162528216703,
        "f1-score": 0.21167484997272232,
        "support": 1772.0
    },
    "Higher income": {
        "precision": 0.2001799370220423,
        "recall": 0.24722222222222223,
        "f1-score": 0.2212279393487447,
        "support": 1800.0
    },
    "accuracy": 0.20159568490841667,
    "macro avg": {
        "precision": 0.20050272230930538,
        "recall": 0.20308929038692058,
        "f1-score": 0.19042092116785214,
        "support": 8899.0
    },
    "weighted avg": {
        "precision": 0.2004281545237744,
        "recall": 0.20159568490841667,
        "f1-score": 0.18963573842595222,
        "support": 8899.0
    },
    "time": 0.15444588661193848
}