{
    "0": {
        "precision": 0.1970250521920668,
        "recall": 0.18969849246231155,
        "f1-score": 0.19329237071172556,
        "support": 3980.0
    },
    "1": {
        "precision": 0.17984860349778126,
        "recall": 0.18179419525065962,
        "f1-score": 0.18081616585749902,
        "support": 3790.0
    },
    "2": {
        "precision": 0.14862681744749595,
        "recall": 0.16083916083916083,
        "f1-score": 0.15449202350965574,
        "support": 2860.0
    },
    "3": {
        "precision": 0.37385197190707725,
        "recall": 0.3681830274009045,
        "f1-score": 0.37099584506098376,
        "support": 7518.0
    },
    "4": {
        "precision": 0.09194776931447225,
        "recall": 0.09125269978401727,
        "f1-score": 0.0915989159891599,
        "support": 1852.0
    },
    "accuracy": 0.24205,
    "macro avg": {
        "precision": 0.1982600428717787,
        "recall": 0.19835351514741076,
        "f1-score": 0.1982390642258048,
        "support": 20000.0
    },
    "weighted avg": {
        "precision": 0.24358825032243325,
        "recall": 0.24205,
        "f1-score": 0.2427616023425302,
        "support": 20000.0
    },
    "time": 1.5524709224700928
}