{
    "0": {
        "precision": 0.3470824949698189,
        "recall": 0.3339787028073572,
        "f1-score": 0.340404538727183,
        "support": 1033.0
    },
    "1": {
        "precision": 0.31431334622823986,
        "recall": 0.3385416666666667,
        "f1-score": 0.3259779338014042,
        "support": 960.0
    },
    "2": {
        "precision": 0.3396414342629482,
        "recall": 0.32820019249278154,
        "f1-score": 0.3338228095937347,
        "support": 1039.0
    },
    "accuracy": 0.33344327176781,
    "macro avg": {
        "precision": 0.3336790918203356,
        "recall": 0.3335735206556018,
        "f1-score": 0.33340176070744065,
        "support": 3032.0
    },
    "weighted avg": {
        "precision": 0.33415715035690513,
        "recall": 0.33344327176781,
        "f1-score": 0.3335813338134626,
        "support": 3032.0
    },
    "time": 0.1388227939605713
}