{
    "Female": {
        "precision": 0.3336745138178096,
        "recall": 0.3155856727976767,
        "f1-score": 0.3243781094527363,
        "support": 1033.0
    },
    "Male": {
        "precision": 0.31280276816609,
        "recall": 0.4708333333333333,
        "f1-score": 0.3758835758835759,
        "support": 960.0
    },
    "Nonbinary": {
        "precision": 0.3540983606557377,
        "recall": 0.2078922040423484,
        "f1-score": 0.2619769557307459,
        "support": 1039.0
    },
    "accuracy": 0.32783641160949867,
    "macro avg": {
        "precision": 0.3335252142132124,
        "recall": 0.33143707005778617,
        "f1-score": 0.32074621368901934,
        "support": 3032.0
    },
    "weighted avg": {
        "precision": 0.33406485057208285,
        "recall": 0.32783641160949867,
        "f1-score": 0.31930240003863936,
        "support": 3032.0
    },
    "time": 0.035893917083740234
}