MSE,RMSE,MAE,MedAE,R2,Explained Variance,MBD,Runtime
0.0002840986499108668,0.01685522618984589,0.012288077527968842,0.009257841717882909,-0.01653207645156507,-0.016529121253974877,2.8738712203909646e-05,94.39472389221191
