{
    "Female": {
        "precision": 0.37023914968999116,
        "recall": 0.4046466602129719,
        "f1-score": 0.3866790009250694,
        "support": 1033.0
    },
    "Male": {
        "precision": 0.3278985507246377,
        "recall": 0.565625,
        "f1-score": 0.4151376146788991,
        "support": 960.0
    },
    "Nonbinary": {
        "precision": 0.4089068825910931,
        "recall": 0.09720885466794996,
        "f1-score": 0.15707620528771385,
        "support": 1039.0
    },
    "accuracy": 0.3502638522427441,
    "macro avg": {
        "precision": 0.36901486100190733,
        "recall": 0.35582683829364065,
        "f1-score": 0.31963094029722744,
        "support": 3032.0
    },
    "weighted avg": {
        "precision": 0.37008374054668824,
        "recall": 0.3502638522427441,
        "f1-score": 0.31700979397799295,
        "support": 3032.0
    },
    "time": 0.031748056411743164
}