{
    "Domestic": {
        "precision": 0.49701619778346123,
        "recall": 0.4995715509854327,
        "f1-score": 0.4982905982905983,
        "support": 1167.0
    },
    "International": {
        "precision": 0.5104777870913663,
        "recall": 0.5079232693911593,
        "f1-score": 0.5091973244147158,
        "support": 1199.0
    },
    "accuracy": 0.503803888419273,
    "macro avg": {
        "precision": 0.5037469924374137,
        "recall": 0.5037474101882959,
        "f1-score": 0.5037439613526571,
        "support": 2366.0
    },
    "weighted avg": {
        "precision": 0.5038380260083887,
        "recall": 0.503803888419273,
        "f1-score": 0.5038177177423383,
        "support": 2366.0
    },
    "time": 0.02835988998413086
}