{
    "0": {
        "precision": 0.48955722639933164,
        "recall": 0.5021422450728363,
        "f1-score": 0.4957698815566836,
        "support": 1167.0
    },
    "1": {
        "precision": 0.5029940119760479,
        "recall": 0.49040867389491244,
        "f1-score": 0.4966216216216216,
        "support": 1199.0
    },
    "accuracy": 0.49619611158072696,
    "macro avg": {
        "precision": 0.49627561918768975,
        "recall": 0.4962754594838744,
        "f1-score": 0.49619575158915263,
        "support": 2366.0
    },
    "weighted avg": {
        "precision": 0.4963664850242187,
        "recall": 0.49619611158072696,
        "f1-score": 0.4962015114543423,
        "support": 2366.0
    },
    "time": 0.15215086936950684
}