{
    "Domestic": {
        "precision": 0.49698795180722893,
        "recall": 0.5655526992287918,
        "f1-score": 0.5290581162324649,
        "support": 1167.0
    },
    "International": {
        "precision": 0.5115606936416185,
        "recall": 0.44286905754795663,
        "f1-score": 0.4747429593205186,
        "support": 1199.0
    },
    "accuracy": 0.5033812341504649,
    "macro avg": {
        "precision": 0.5042743227244237,
        "recall": 0.5042108783883742,
        "f1-score": 0.5019005377764918,
        "support": 2366.0
    },
    "weighted avg": {
        "precision": 0.5043728704291364,
        "recall": 0.5033812341504649,
        "f1-score": 0.5015332332496147,
        "support": 2366.0
    },
    "time": 0.01620316505432129
}