{
    "Domestic": {
        "precision": 0.4913254684247051,
        "recall": 0.6066838046272494,
        "f1-score": 0.5429447852760736,
        "support": 1167.0
    },
    "International": {
        "precision": 0.5037837837837837,
        "recall": 0.3886572143452877,
        "f1-score": 0.4387947269303202,
        "support": 1199.0
    },
    "accuracy": 0.49619611158072696,
    "macro avg": {
        "precision": 0.4975546261042444,
        "recall": 0.49767050948626856,
        "f1-score": 0.4908697561031969,
        "support": 2366.0
    },
    "weighted avg": {
        "precision": 0.4976388750669432,
        "recall": 0.49619611158072696,
        "f1-score": 0.49016544463509376,
        "support": 2366.0
    },
    "time": 0.022471904754638672
}