{
    "0": {
        "precision": 0.532856335906609,
        "recall": 0.5325054097281023,
        "f1-score": 0.5326808150204696,
        "support": 10629.0
    },
    "1": {
        "precision": 0.21574841540711848,
        "recall": 0.21407837445573294,
        "f1-score": 0.21491015055852355,
        "support": 4134.0
    },
    "2": {
        "precision": 0.13462976813762154,
        "recall": 0.1342281879194631,
        "f1-score": 0.1344286781179985,
        "support": 2682.0
    },
    "3": {
        "precision": 0.08521626856036152,
        "recall": 0.08817635270541083,
        "f1-score": 0.08667104399212082,
        "support": 1497.0
    },
    "4": {
        "precision": 0.04572098475967175,
        "recall": 0.04452054794520548,
        "f1-score": 0.045112781954887216,
        "support": 876.0
    },
    "5": {
        "precision": 0.013333333333333334,
        "recall": 0.016,
        "f1-score": 0.014545454545454545,
        "support": 125.0
    },
    "6": {
        "precision": 0.0,
        "recall": 0.0,
        "f1-score": 0.0,
        "support": 57.0
    },
    "accuracy": 0.3539,
    "macro avg": {
        "precision": 0.14678644372924513,
        "recall": 0.1470726961077021,
        "f1-score": 0.14690698916992204,
        "support": 20000.0
    },
    "weighted avg": {
        "precision": 0.3542998992570238,
        "recall": 0.3539,
        "f1-score": 0.35409620958204235,
        "support": 20000.0
    },
    "time": 1.465674877166748
}