{
    "0": {
        "precision": 0.16666666666666666,
        "recall": 0.13846153846153847,
        "f1-score": 0.15126050420168066,
        "support": 65.0
    },
    "1": {
        "precision": 0.11475409836065574,
        "recall": 0.1320754716981132,
        "f1-score": 0.12280701754385964,
        "support": 53.0
    },
    "2": {
        "precision": 0.1,
        "recall": 0.1111111111111111,
        "f1-score": 0.10526315789473684,
        "support": 54.0
    },
    "3": {
        "precision": 0.1509433962264151,
        "recall": 0.14814814814814814,
        "f1-score": 0.14953271028037382,
        "support": 54.0
    },
    "4": {
        "precision": 0.2391304347826087,
        "recall": 0.2,
        "f1-score": 0.21782178217821782,
        "support": 55.0
    },
    "5": {
        "precision": 0.16666666666666666,
        "recall": 0.1724137931034483,
        "f1-score": 0.1694915254237288,
        "support": 58.0
    },
    "6": {
        "precision": 0.19672131147540983,
        "recall": 0.21428571428571427,
        "f1-score": 0.20512820512820512,
        "support": 56.0
    },
    "accuracy": 0.15949367088607594,
    "macro avg": {
        "precision": 0.16212608202548898,
        "recall": 0.15949939668686763,
        "f1-score": 0.16018641466440037,
        "support": 395.0
    },
    "weighted avg": {
        "precision": 0.16278855181014582,
        "recall": 0.15949367088607594,
        "f1-score": 0.1605001710530317,
        "support": 395.0
    },
    "time": 0.01632523536682129
}