{
    "0": {
        "precision": 0.5096153846153846,
        "recall": 0.5449871465295629,
        "f1-score": 0.5267080745341615,
        "support": 1167.0
    },
    "1": {
        "precision": 0.5250447227191414,
        "recall": 0.48957464553794827,
        "f1-score": 0.5066896849374191,
        "support": 1199.0
    },
    "accuracy": 0.5169061707523246,
    "macro avg": {
        "precision": 0.5173300536672629,
        "recall": 0.5172808960337556,
        "f1-score": 0.5166988797357903,
        "support": 2366.0
    },
    "weighted avg": {
        "precision": 0.517434394077094,
        "recall": 0.5169061707523246,
        "f1-score": 0.5165635060107066,
        "support": 2366.0
    },
    "time": 0.11182999610900879
}