{
    "In poverty": {
        "precision": 0.19848975188781015,
        "recall": 0.10071154898741105,
        "f1-score": 0.1336238198983297,
        "support": 1827.0
    },
    "Near poverty": {
        "precision": 0.21205098493626884,
        "recall": 0.20596510973550927,
        "f1-score": 0.20896374536111903,
        "support": 1777.0
    },
    "Lower-middle income": {
        "precision": 0.19576719576719576,
        "recall": 0.3865351131746953,
        "f1-score": 0.25990243902439025,
        "support": 1723.0
    },
    "Middle income": {
        "precision": 0.21305182341650672,
        "recall": 0.2505643340857788,
        "f1-score": 0.23029045643153526,
        "support": 1772.0
    },
    "Higher income": {
        "precision": 0.18026315789473685,
        "recall": 0.07611111111111112,
        "f1-score": 0.10703125,
        "support": 1800.0
    },
    "accuracy": 0.20193280143836387,
    "macro avg": {
        "precision": 0.19992458278050368,
        "recall": 0.2039774434189011,
        "f1-score": 0.18796234214307486,
        "support": 8899.0
    },
    "weighted avg": {
        "precision": 0.19988355664032284,
        "recall": 0.20193280143836387,
        "f1-score": 0.1869875419369212,
        "support": 8899.0
    },
    "time": 0.17184996604919434
}