{
    "0": {
        "precision": 0.499597747385358,
        "recall": 0.532133676092545,
        "f1-score": 0.5153526970954356,
        "support": 1167.0
    },
    "1": {
        "precision": 0.5138023152270703,
        "recall": 0.48123436196830693,
        "f1-score": 0.49698535745047373,
        "support": 1199.0
    },
    "accuracy": 0.5063398140321217,
    "macro avg": {
        "precision": 0.5067000313062142,
        "recall": 0.506684019030426,
        "f1-score": 0.5061690272729547,
        "support": 2366.0
    },
    "weighted avg": {
        "precision": 0.5067960892459721,
        "recall": 0.5063398140321217,
        "f1-score": 0.5060448187208332,
        "support": 2366.0
    },
    "time": 0.23750805854797363
}