{
    "European American or white": {
        "precision": 0.09615384615384616,
        "recall": 0.07692307692307693,
        "f1-score": 0.08547008547008547,
        "support": 65.0
    },
    "Latino/a/x American": {
        "precision": 0.11214953271028037,
        "recall": 0.22641509433962265,
        "f1-score": 0.15,
        "support": 53.0
    },
    "African American or Black": {
        "precision": 0.11764705882352941,
        "recall": 0.07407407407407407,
        "f1-score": 0.09090909090909091,
        "support": 54.0
    },
    "Asian American": {
        "precision": 0.0,
        "recall": 0.0,
        "f1-score": 0.0,
        "support": 54.0
    },
    "Multiracial": {
        "precision": 0.10909090909090909,
        "recall": 0.10909090909090909,
        "f1-score": 0.10909090909090909,
        "support": 55.0
    },
    "American Indian or Alaska Native": {
        "precision": 0.0967741935483871,
        "recall": 0.05172413793103448,
        "f1-score": 0.06741573033707865,
        "support": 58.0
    },
    "Pacific Islander": {
        "precision": 0.08490566037735849,
        "recall": 0.16071428571428573,
        "f1-score": 0.1111111111111111,
        "support": 56.0
    },
    "accuracy": 0.09873417721518987,
    "macro avg": {
        "precision": 0.08810302867204436,
        "recall": 0.09984879686757185,
        "f1-score": 0.08771384670261075,
        "support": 395.0
    },
    "weighted avg": {
        "precision": 0.08839110535963031,
        "recall": 0.09873417721518987,
        "f1-score": 0.08746071150992214,
        "support": 395.0
    },
    "time": 0.011656999588012695
}