{
    "Female": {
        "precision": 0.3522975929978118,
        "recall": 0.3117134559535334,
        "f1-score": 0.3307652799178223,
        "support": 1033.0
    },
    "Male": {
        "precision": 0.32151162790697674,
        "recall": 0.5760416666666667,
        "f1-score": 0.4126865671641791,
        "support": 960.0
    },
    "Nonbinary": {
        "precision": 0.3592964824120603,
        "recall": 0.13763233878729547,
        "f1-score": 0.1990257480862909,
        "support": 1039.0
    },
    "accuracy": 0.33575197889182057,
    "macro avg": {
        "precision": 0.344368567772283,
        "recall": 0.3417958204691652,
        "f1-score": 0.3141591983894308,
        "support": 3032.0
    },
    "weighted avg": {
        "precision": 0.34494842400513454,
        "recall": 0.33575197889182057,
        "f1-score": 0.31155916586226207,
        "support": 3032.0
    },
    "time": 0.039842844009399414
}