{
    "0": {
        "precision": 0.48046550290939316,
        "recall": 0.4952870608397601,
        "f1-score": 0.4877637130801688,
        "support": 1167.0
    },
    "1": {
        "precision": 0.4935511607910576,
        "recall": 0.4787322768974145,
        "f1-score": 0.48602878916172737,
        "support": 1199.0
    },
    "accuracy": 0.48689771766694845,
    "macro avg": {
        "precision": 0.4870083318502254,
        "recall": 0.4870096688685873,
        "f1-score": 0.4868962511209481,
        "support": 2366.0
    },
    "weighted avg": {
        "precision": 0.48709682319684694,
        "recall": 0.48689771766694845,
        "f1-score": 0.48688451875294503,
        "support": 2366.0
    },
    "time": 0.19745397567749023
}