{
    "0": {
        "precision": 0.9422466225308144,
        "recall": 0.9292918568850197,
        "f1-score": 0.9357244033460727,
        "support": 18838.0
    },
    "1": {
        "precision": 0.06263194933145672,
        "recall": 0.076592082616179,
        "f1-score": 0.0689121176926055,
        "support": 1162.0
    },
    "accuracy": 0.87975,
    "macro avg": {
        "precision": 0.5024392859311355,
        "recall": 0.5029419697505993,
        "f1-score": 0.502318260519339,
        "support": 20000.0
    },
    "weighted avg": {
        "precision": 0.8911410100179317,
        "recall": 0.87975,
        "f1-score": 0.8853626095496062,
        "support": 20000.0
    },
    "time": 1.422257900238037
}