{
    "European American or white": {
        "precision": 0.25,
        "recall": 0.015384615384615385,
        "f1-score": 0.028985507246376812,
        "support": 65.0
    },
    "Latino/a/x American": {
        "precision": 0.13636363636363635,
        "recall": 0.05660377358490566,
        "f1-score": 0.08,
        "support": 53.0
    },
    "African American or Black": {
        "precision": 0.07142857142857142,
        "recall": 0.018518518518518517,
        "f1-score": 0.029411764705882353,
        "support": 54.0
    },
    "Asian American": {
        "precision": 0.12418300653594772,
        "recall": 0.35185185185185186,
        "f1-score": 0.18357487922705315,
        "support": 54.0
    },
    "Multiracial": {
        "precision": 0.1568627450980392,
        "recall": 0.14545454545454545,
        "f1-score": 0.1509433962264151,
        "support": 55.0
    },
    "American Indian or Alaska Native": {
        "precision": 0.15730337078651685,
        "recall": 0.2413793103448276,
        "f1-score": 0.19047619047619047,
        "support": 58.0
    },
    "Pacific Islander": {
        "precision": 0.1935483870967742,
        "recall": 0.21428571428571427,
        "f1-score": 0.2033898305084746,
        "support": 56.0
    },
    "accuracy": 0.1468354430379747,
    "macro avg": {
        "precision": 0.1556699596156408,
        "recall": 0.14906833277499695,
        "f1-score": 0.12382593834148463,
        "support": 395.0
    },
    "weighted avg": {
        "precision": 0.15855709898933226,
        "recall": 0.1468354430379747,
        "f1-score": 0.12244221035934041,
        "support": 395.0
    },
    "time": 0.012772798538208008
}