{
    "0": {
        "precision": 0.19607843137254902,
        "recall": 0.15384615384615385,
        "f1-score": 0.1724137931034483,
        "support": 65.0
    },
    "1": {
        "precision": 0.11475409836065574,
        "recall": 0.1320754716981132,
        "f1-score": 0.12280701754385964,
        "support": 53.0
    },
    "2": {
        "precision": 0.14516129032258066,
        "recall": 0.16666666666666666,
        "f1-score": 0.15517241379310345,
        "support": 54.0
    },
    "3": {
        "precision": 0.10416666666666667,
        "recall": 0.09259259259259259,
        "f1-score": 0.09803921568627451,
        "support": 54.0
    },
    "4": {
        "precision": 0.08620689655172414,
        "recall": 0.09090909090909091,
        "f1-score": 0.08849557522123894,
        "support": 55.0
    },
    "5": {
        "precision": 0.16071428571428573,
        "recall": 0.15517241379310345,
        "f1-score": 0.15789473684210525,
        "support": 58.0
    },
    "6": {
        "precision": 0.11864406779661017,
        "recall": 0.125,
        "f1-score": 0.12173913043478261,
        "support": 56.0
    },
    "accuracy": 0.13164556962025317,
    "macro avg": {
        "precision": 0.13224653382643886,
        "recall": 0.1308946270722458,
        "f1-score": 0.13093741180354468,
        "support": 395.0
    },
    "weighted avg": {
        "precision": 0.13417126736236296,
        "recall": 0.13164556962025317,
        "f1-score": 0.13223199785264098,
        "support": 395.0
    },
    "time": 0.020701885223388672
}