{
    "0": {
        "precision": 0.49667774086378735,
        "recall": 0.5124250214224507,
        "f1-score": 0.5044285111767187,
        "support": 1167.0
    },
    "1": {
        "precision": 0.5103270223752151,
        "recall": 0.4945788156797331,
        "f1-score": 0.5023295213892418,
        "support": 1199.0
    },
    "accuracy": 0.5033812341504649,
    "macro avg": {
        "precision": 0.5035023816195012,
        "recall": 0.5035019185510919,
        "f1-score": 0.5033790162829803,
        "support": 2366.0
    },
    "weighted avg": {
        "precision": 0.5035946844530528,
        "recall": 0.5033812341504649,
        "f1-score": 0.5033648219310785,
        "support": 2366.0
    },
    "time": 0.09315705299377441
}