{
    "0": {
        "precision": 0.9416325651518415,
        "recall": 0.9283363414375199,
        "f1-score": 0.9349371825715049,
        "support": 18838.0
    },
    "1": {
        "precision": 0.0546218487394958,
        "recall": 0.06712564543889846,
        "f1-score": 0.06023166023166023,
        "support": 1162.0
    },
    "accuracy": 0.8783,
    "macro avg": {
        "precision": 0.49812720694566864,
        "recall": 0.49773099343820915,
        "f1-score": 0.4975844214015826,
        "support": 20000.0
    },
    "weighted avg": {
        "precision": 0.8900972425282841,
        "recall": 0.8783,
        "f1-score": 0.88411679172356,
        "support": 20000.0
    },
    "time": 1.3250901699066162
}