{
    "Domestic": {
        "precision": 0.47954545454545455,
        "recall": 0.5424164524421594,
        "f1-score": 0.5090470446320868,
        "support": 1167.0
    },
    "International": {
        "precision": 0.4894837476099426,
        "recall": 0.427022518765638,
        "f1-score": 0.4561247216035635,
        "support": 1199.0
    },
    "accuracy": 0.48393913778529163,
    "macro avg": {
        "precision": 0.4845146010776986,
        "recall": 0.4847194856038987,
        "f1-score": 0.48258588311782513,
        "support": 2366.0
    },
    "weighted avg": {
        "precision": 0.48458180846951254,
        "recall": 0.48393913778529163,
        "f1-score": 0.48222799758593327,
        "support": 2366.0
    },
    "time": 0.015223979949951172
}