{
    "Female": {
        "precision": 0.36887254901960786,
        "recall": 0.29138431752178123,
        "f1-score": 0.32558139534883723,
        "support": 1033.0
    },
    "Male": {
        "precision": 0.324198250728863,
        "recall": 0.5791666666666667,
        "f1-score": 0.41570093457943924,
        "support": 960.0
    },
    "Nonbinary": {
        "precision": 0.35528942115768464,
        "recall": 0.17131857555341676,
        "f1-score": 0.23116883116883116,
        "support": 1039.0
    },
    "accuracy": 0.3413588390501319,
    "macro avg": {
        "precision": 0.3494534069687185,
        "recall": 0.3472898532472883,
        "f1-score": 0.3241503870323692,
        "support": 3032.0
    },
    "weighted avg": {
        "precision": 0.35007301201180663,
        "recall": 0.3413588390501319,
        "f1-score": 0.32176216826386084,
        "support": 3032.0
    },
    "time": 0.0381932258605957
}