{
    "0": {
        "precision": 0.20055710306406685,
        "recall": 0.19899497487437187,
        "f1-score": 0.19977298524404086,
        "support": 3980.0
    },
    "1": {
        "precision": 0.19247504479140004,
        "recall": 0.19841688654353562,
        "f1-score": 0.19540080550863972,
        "support": 3790.0
    },
    "2": {
        "precision": 0.14474929044465468,
        "recall": 0.1604895104895105,
        "f1-score": 0.15221356325650803,
        "support": 2860.0
    },
    "3": {
        "precision": 0.37305406170393435,
        "recall": 0.35062516626762436,
        "f1-score": 0.3614920460778936,
        "support": 7518.0
    },
    "4": {
        "precision": 0.08652333508127949,
        "recall": 0.08909287257019438,
        "f1-score": 0.08778930566640064,
        "support": 1852.0
    },
    "accuracy": 0.2402,
    "macro avg": {
        "precision": 0.1994717670170671,
        "recall": 0.19952388214904732,
        "f1-score": 0.19933374115069655,
        "support": 20000.0
    },
    "weighted avg": {
        "precision": 0.24532711565434065,
        "recall": 0.2402,
        "f1-score": 0.24256396607852088,
        "support": 20000.0
    },
    "time": 2.0737569332122803
}