{
    "0": {
        "precision": 0.4878048780487805,
        "recall": 0.49700085689802914,
        "f1-score": 0.4923599320882852,
        "support": 1167.0
    },
    "1": {
        "precision": 0.5012744265080714,
        "recall": 0.4920767306088407,
        "f1-score": 0.49663299663299665,
        "support": 1199.0
    },
    "accuracy": 0.4945054945054945,
    "macro avg": {
        "precision": 0.49453965227842595,
        "recall": 0.4945387937534349,
        "f1-score": 0.49449646436064093,
        "support": 2366.0
    },
    "weighted avg": {
        "precision": 0.49463073967290977,
        "recall": 0.4945054945054945,
        "f1-score": 0.4945253608241723,
        "support": 2366.0
    },
    "time": 0.11964106559753418
}