{
    "0": {
        "precision": 0.5497792593927381,
        "recall": 0.5567010309278351,
        "f1-score": 0.5532184950135993,
        "support": 10961.0
    },
    "1": {
        "precision": 0.4113438937148697,
        "recall": 0.4007966143888474,
        "f1-score": 0.4060017652250662,
        "support": 8034.0
    },
    "2": {
        "precision": 0.04100652376514446,
        "recall": 0.04378109452736319,
        "f1-score": 0.04234841193455245,
        "support": 1005.0
    },
    "accuracy": 0.4683,
    "macro avg": {
        "precision": 0.3340432256242507,
        "recall": 0.33375957994801525,
        "f1-score": 0.33385622405773935,
        "support": 20000.0
    },
    "weighted avg": {
        "precision": 0.4686039430346518,
        "recall": 0.4683,
        "f1-score": 0.46841031298282343,
        "support": 20000.0
    },
    "time": 1.6223750114440918
}