{
    "Female": {
        "precision": 0.36384976525821594,
        "recall": 0.30009680542110356,
        "f1-score": 0.32891246684350134,
        "support": 1033.0
    },
    "Male": {
        "precision": 0.30837004405286345,
        "recall": 0.5833333333333334,
        "f1-score": 0.4034582132564842,
        "support": 960.0
    },
    "Nonbinary": {
        "precision": 0.34615384615384615,
        "recall": 0.12127045235803657,
        "f1-score": 0.1796151104775481,
        "support": 1039.0
    },
    "accuracy": 0.32849604221635886,
    "macro avg": {
        "precision": 0.33945788515497516,
        "recall": 0.3349001970374912,
        "f1-score": 0.30399526352584455,
        "support": 3032.0
    },
    "weighted avg": {
        "precision": 0.34021962267689054,
        "recall": 0.32849604221635886,
        "f1-score": 0.301354407243316,
        "support": 3032.0
    },
    "time": 0.05276679992675781
}