{
    "0": {
        "precision": 0.9415706244974538,
        "recall": 0.9324238241851577,
        "f1-score": 0.9369749019817033,
        "support": 18838.0
    },
    "1": {
        "precision": 0.053531598513011154,
        "recall": 0.06196213425129088,
        "f1-score": 0.05743917032309533,
        "support": 1162.0
    },
    "accuracy": 0.88185,
    "macro avg": {
        "precision": 0.49755111150523246,
        "recall": 0.49719297921822425,
        "f1-score": 0.4972070361523993,
        "support": 20000.0
    },
    "weighted avg": {
        "precision": 0.8899755570877577,
        "recall": 0.88185,
        "f1-score": 0.8858738759723381,
        "support": 20000.0
    },
    "time": 1.4762871265411377
}