{
    "European American or white": {
        "precision": 0.0,
        "recall": 0.0,
        "f1-score": 0.0,
        "support": 65.0
    },
    "Latino/a/x American": {
        "precision": 0.15384615384615385,
        "recall": 0.07547169811320754,
        "f1-score": 0.10126582278481013,
        "support": 53.0
    },
    "African American or Black": {
        "precision": 0.1506849315068493,
        "recall": 0.4074074074074074,
        "f1-score": 0.22,
        "support": 54.0
    },
    "Asian American": {
        "precision": 0.0,
        "recall": 0.0,
        "f1-score": 0.0,
        "support": 54.0
    },
    "Multiracial": {
        "precision": 0.11688311688311688,
        "recall": 0.16363636363636364,
        "f1-score": 0.13636363636363635,
        "support": 55.0
    },
    "American Indian or Alaska Native": {
        "precision": 0.14953271028037382,
        "recall": 0.27586206896551724,
        "f1-score": 0.19393939393939394,
        "support": 58.0
    },
    "Pacific Islander": {
        "precision": 0.05555555555555555,
        "recall": 0.03571428571428571,
        "f1-score": 0.043478260869565216,
        "support": 56.0
    },
    "accuracy": 0.1341772151898734,
    "macro avg": {
        "precision": 0.08950035258172136,
        "recall": 0.13687026054811163,
        "f1-score": 0.09929244485105794,
        "support": 395.0
    },
    "weighted avg": {
        "precision": 0.08735041061053224,
        "recall": 0.1341772151898734,
        "f1-score": 0.09729204067031756,
        "support": 395.0
    },
    "time": 0.011193037033081055
}