{
    "0": {
        "precision": 0.488412017167382,
        "recall": 0.4875749785775493,
        "f1-score": 0.4879931389365352,
        "support": 1167.0
    },
    "1": {
        "precision": 0.5020815986677769,
        "recall": 0.5029190992493745,
        "f1-score": 0.5025,
        "support": 1199.0
    },
    "accuracy": 0.49535080304311074,
    "macro avg": {
        "precision": 0.49524680791757947,
        "recall": 0.4952470389134619,
        "f1-score": 0.49524656946826756,
        "support": 2366.0
    },
    "weighted avg": {
        "precision": 0.49533924802916285,
        "recall": 0.49535080304311074,
        "f1-score": 0.4953446716563552,
        "support": 2366.0
    },
    "time": 0.1352379322052002
}