{
    "0": {
        "precision": 0.9423790821541937,
        "recall": 0.9298226988002972,
        "f1-score": 0.9360587842351369,
        "support": 18838.0
    },
    "1": {
        "precision": 0.06440198159943383,
        "recall": 0.0783132530120482,
        "f1-score": 0.07067961165048543,
        "support": 1162.0
    },
    "accuracy": 0.88035,
    "macro avg": {
        "precision": 0.5033905318768138,
        "recall": 0.5040679759061727,
        "f1-score": 0.5033691979428112,
        "support": 20000.0
    },
    "weighted avg": {
        "precision": 0.8913686126119621,
        "recall": 0.88035,
        "f1-score": 0.8857802543079686,
        "support": 20000.0
    },
    "time": 1.6776740550994873
}