{
    "Domestic": {
        "precision": 0.4805788271134806,
        "recall": 0.5407026563838904,
        "f1-score": 0.5088709677419355,
        "support": 1167.0
    },
    "International": {
        "precision": 0.49097815764482433,
        "recall": 0.43119266055045874,
        "f1-score": 0.4591474245115453,
        "support": 1199.0
    },
    "accuracy": 0.48520710059171596,
    "macro avg": {
        "precision": 0.4857784923791525,
        "recall": 0.4859476584671746,
        "f1-score": 0.4840091961267404,
        "support": 2366.0
    },
    "weighted avg": {
        "precision": 0.48584881752222153,
        "recall": 0.48520710059171596,
        "f1-score": 0.48367294224183505,
        "support": 2366.0
    },
    "time": 0.0234372615814209
}