{
    "In poverty": {
        "precision": 0.24390243902439024,
        "recall": 0.02736726874657909,
        "f1-score": 0.04921259842519685,
        "support": 1827.0
    },
    "Near poverty": {
        "precision": 0.19247524752475248,
        "recall": 0.2734946539110861,
        "f1-score": 0.22594142259414227,
        "support": 1777.0
    },
    "Lower-middle income": {
        "precision": 0.19141323792486584,
        "recall": 0.3726059199071387,
        "f1-score": 0.2529052590112271,
        "support": 1723.0
    },
    "Middle income": {
        "precision": 0.1845679012345679,
        "recall": 0.16873589164785552,
        "f1-score": 0.17629716981132076,
        "support": 1772.0
    },
    "Higher income": {
        "precision": 0.20418410041841004,
        "recall": 0.13555555555555557,
        "f1-score": 0.1629382303839733,
        "support": 1800.0
    },
    "accuracy": 0.19339251601303517,
    "macro avg": {
        "precision": 0.2033085852253973,
        "recall": 0.195551857953643,
        "f1-score": 0.17345893604517207,
        "support": 8899.0
    },
    "weighted avg": {
        "precision": 0.2036216408174382,
        "recall": 0.19339251601303517,
        "f1-score": 0.17224997035012724,
        "support": 8899.0
    },
    "time": 0.16515421867370605
}