{
    "0": {
        "precision": 0.941984650888209,
        "recall": 0.9317337296952968,
        "f1-score": 0.9368311494222199,
        "support": 18838.0
    },
    "1": {
        "precision": 0.0592538405267008,
        "recall": 0.06970740103270223,
        "f1-score": 0.06405693950177936,
        "support": 1162.0
    },
    "accuracy": 0.88165,
    "macro avg": {
        "precision": 0.500619245707455,
        "recall": 0.5007205653639994,
        "f1-score": 0.5004440444619996,
        "support": 20000.0
    },
    "weighted avg": {
        "precision": 0.8906979908062054,
        "recall": 0.88165,
        "f1-score": 0.8861229678258423,
        "support": 20000.0
    },
    "time": 1.7313971519470215
}