{
    "0": {
        "precision": 0.5507801806734192,
        "recall": 0.5506796825107199,
        "f1-score": 0.5507299270072993,
        "support": 10961.0
    },
    "1": {
        "precision": 0.40493046776232616,
        "recall": 0.3986806074184715,
        "f1-score": 0.4017812343201204,
        "support": 8034.0
    },
    "2": {
        "precision": 0.05481874447391689,
        "recall": 0.061691542288557215,
        "f1-score": 0.05805243445692884,
        "support": 1005.0
    },
    "accuracy": 0.46505,
    "macro avg": {
        "precision": 0.33684313096988744,
        "recall": 0.33701727740591614,
        "f1-score": 0.3368545319281162,
        "support": 20000.0
    },
    "weighted avg": {
        "precision": 0.46727028882800814,
        "recall": 0.46505,
        "f1-score": 0.46614019315420346,
        "support": 20000.0
    },
    "time": 2.359771966934204
}