{
    "0": {
        "precision": 0.34097421203438394,
        "recall": 0.345595353339787,
        "f1-score": 0.34326923076923077,
        "support": 1033.0
    },
    "1": {
        "precision": 0.32664756446991405,
        "recall": 0.35625,
        "f1-score": 0.34080717488789236,
        "support": 960.0
    },
    "2": {
        "precision": 0.36140724946695096,
        "recall": 0.3262752646775746,
        "f1-score": 0.34294385432473445,
        "support": 1039.0
    },
    "accuracy": 0.3423482849604222,
    "macro avg": {
        "precision": 0.34300967532374965,
        "recall": 0.34270687267245387,
        "f1-score": 0.3423400866606192,
        "support": 3032.0
    },
    "weighted avg": {
        "precision": 0.34344002477532926,
        "recall": 0.3423482849604222,
        "f1-score": 0.3423781886280974,
        "support": 3032.0
    },
    "time": 0.15509605407714844
}