{
    "0": {
        "precision": 0.35358565737051795,
        "recall": 0.3436592449177154,
        "f1-score": 0.3485517918507609,
        "support": 1033.0
    },
    "1": {
        "precision": 0.3141509433962264,
        "recall": 0.346875,
        "f1-score": 0.3297029702970297,
        "support": 960.0
    },
    "2": {
        "precision": 0.34297520661157027,
        "recall": 0.31953801732435033,
        "f1-score": 0.330842052815147,
        "support": 1039.0
    },
    "accuracy": 0.33641160949868076,
    "macro avg": {
        "precision": 0.3369039357927715,
        "recall": 0.33669075408068855,
        "f1-score": 0.33636560498764584,
        "support": 3032.0
    },
    "weighted avg": {
        "precision": 0.3374637629925936,
        "recall": 0.33641160949868076,
        "f1-score": 0.3365150875138266,
        "support": 3032.0
    },
    "time": 0.1923060417175293
}