{
    "0": {
        "precision": 0.35642570281124497,
        "recall": 0.3436592449177154,
        "f1-score": 0.3499260719566289,
        "support": 1033.0
    },
    "1": {
        "precision": 0.32701421800947866,
        "recall": 0.359375,
        "f1-score": 0.3424317617866005,
        "support": 960.0
    },
    "2": {
        "precision": 0.3363914373088685,
        "recall": 0.3176130895091434,
        "f1-score": 0.32673267326732675,
        "support": 1039.0
    },
    "accuracy": 0.3397097625329815,
    "macro avg": {
        "precision": 0.33994378604319736,
        "recall": 0.34021577814228626,
        "f1-score": 0.33969683567018544,
        "support": 3032.0
    },
    "weighted avg": {
        "precision": 0.3402480552958542,
        "recall": 0.3397097625329815,
        "f1-score": 0.33960533349969874,
        "support": 3032.0
    },
    "time": 0.15605401992797852
}