{
    "0": {
        "precision": 0.3403041825095057,
        "recall": 0.3465634075508228,
        "f1-score": 0.3434052757793765,
        "support": 1033.0
    },
    "1": {
        "precision": 0.31513903192584963,
        "recall": 0.31875,
        "f1-score": 0.31693423096841017,
        "support": 960.0
    },
    "2": {
        "precision": 0.3528245787908821,
        "recall": 0.3426371511068335,
        "f1-score": 0.34765625,
        "support": 1039.0
    },
    "accuracy": 0.33641160949868076,
    "macro avg": {
        "precision": 0.3360892644087458,
        "recall": 0.33598351955255207,
        "f1-score": 0.33599858558259554,
        "support": 3032.0
    },
    "weighted avg": {
        "precision": 0.3366267904171707,
        "recall": 0.33641160949868076,
        "f1-score": 0.3364806581001879,
        "support": 3032.0
    },
    "time": 0.14188694953918457
}