{
    "0": {
        "precision": 0.5451347097490973,
        "recall": 0.5371772648480978,
        "f1-score": 0.5411267346751217,
        "support": 10961.0
    },
    "1": {
        "precision": 0.39391672899526303,
        "recall": 0.39332835449340303,
        "f1-score": 0.3936223218734429,
        "support": 8034.0
    },
    "2": {
        "precision": 0.033984706881903144,
        "recall": 0.03980099502487562,
        "f1-score": 0.03666361136571952,
        "support": 1005.0
    },
    "accuracy": 0.4544,
    "macro avg": {
        "precision": 0.3243453818754211,
        "recall": 0.3234355381221255,
        "f1-score": 0.3238042226380947,
        "support": 20000.0
    },
    "weighted avg": {
        "precision": 0.4587051592362056,
        "recall": 0.4544,
        "f1-score": 0.45652494010638994,
        "support": 20000.0
    },
    "time": 1.8740417957305908
}