{
    "0": {
        "precision": 0.2131979695431472,
        "recall": 0.20689655172413793,
        "f1-score": 0.21,
        "support": 1827.0
    },
    "1": {
        "precision": 0.20310825294748125,
        "recall": 0.21328081035453011,
        "f1-score": 0.20807027175404885,
        "support": 1777.0
    },
    "2": {
        "precision": 0.18719211822660098,
        "recall": 0.19849100406268136,
        "f1-score": 0.19267605633802817,
        "support": 1723.0
    },
    "3": {
        "precision": 0.1975806451612903,
        "recall": 0.1935665914221219,
        "f1-score": 0.19555302166476624,
        "support": 1772.0
    },
    "4": {
        "precision": 0.20329994107248084,
        "recall": 0.19166666666666668,
        "f1-score": 0.1973119816985988,
        "support": 1800.0
    },
    "accuracy": 0.20080907967187325,
    "macro avg": {
        "precision": 0.20087578539020007,
        "recall": 0.2007803248460276,
        "f1-score": 0.20072226629108844,
        "support": 8899.0
    },
    "weighted avg": {
        "precision": 0.20103616953631978,
        "recall": 0.20080907967187325,
        "f1-score": 0.20081730974545578,
        "support": 8899.0
    },
    "time": 0.5467069149017334
}