{
    "0": {
        "precision": 0.20154043645699615,
        "recall": 0.1972361809045226,
        "f1-score": 0.19936507936507936,
        "support": 3980.0
    },
    "1": {
        "precision": 0.18391108758930935,
        "recall": 0.18337730870712401,
        "f1-score": 0.18364381027876867,
        "support": 3790.0
    },
    "2": {
        "precision": 0.14223850766155896,
        "recall": 0.1493006993006993,
        "f1-score": 0.14568406687137495,
        "support": 2860.0
    },
    "3": {
        "precision": 0.3712361331220285,
        "recall": 0.37390263367917,
        "f1-score": 0.37256461232604376,
        "support": 7518.0
    },
    "4": {
        "precision": 0.08904109589041095,
        "recall": 0.08423326133909287,
        "f1-score": 0.08657047724750278,
        "support": 1852.0
    },
    "accuracy": 0.2437,
    "macro avg": {
        "precision": 0.1975934521440608,
        "recall": 0.19761001678612175,
        "f1-score": 0.1975656092177539,
        "support": 20000.0
    },
    "weighted avg": {
        "precision": 0.24309067246874183,
        "recall": 0.2437,
        "f1-score": 0.24337043837056266,
        "support": 20000.0
    },
    "time": 1.505648136138916
}