{
    "0": {
        "precision": 0.3433734939759036,
        "recall": 0.33107454017424975,
        "f1-score": 0.3371118777723016,
        "support": 1033.0
    },
    "1": {
        "precision": 0.31337698783910195,
        "recall": 0.3489583333333333,
        "f1-score": 0.3302119270576639,
        "support": 960.0
    },
    "2": {
        "precision": 0.34953464322647365,
        "recall": 0.3253128007699711,
        "f1-score": 0.3369890329012961,
        "support": 1039.0
    },
    "accuracy": 0.33476253298153036,
    "macro avg": {
        "precision": 0.33542837501382644,
        "recall": 0.3351152247591847,
        "f1-score": 0.3347709459104205,
        "support": 3032.0
    },
    "weighted avg": {
        "precision": 0.3359872103941136,
        "recall": 0.33476253298153036,
        "f1-score": 0.33488510056022147,
        "support": 3032.0
    },
    "time": 0.1906721591949463
}