{
    "0": {
        "precision": 0.4978902953586498,
        "recall": 0.5055698371893744,
        "f1-score": 0.5017006802721088,
        "support": 1167.0
    },
    "1": {
        "precision": 0.5114309906858594,
        "recall": 0.5037531276063386,
        "f1-score": 0.507563025210084,
        "support": 1199.0
    },
    "accuracy": 0.5046491969568893,
    "macro avg": {
        "precision": 0.5046606430222547,
        "recall": 0.5046614823978566,
        "f1-score": 0.5046318527410965,
        "support": 2366.0
    },
    "weighted avg": {
        "precision": 0.5047522115451775,
        "recall": 0.5046491969568893,
        "f1-score": 0.5046714966629086,
        "support": 2366.0
    },
    "time": 0.14645814895629883
}