{
    "0": {
        "precision": 0.9412805662805663,
        "recall": 0.9317868138868245,
        "f1-score": 0.9365096302619644,
        "support": 18838.0
    },
    "1": {
        "precision": 0.04955621301775148,
        "recall": 0.0576592082616179,
        "f1-score": 0.053301511535401754,
        "support": 1162.0
    },
    "accuracy": 0.881,
    "macro avg": {
        "precision": 0.4954183896491589,
        "recall": 0.4947230110742212,
        "f1-score": 0.4949055708986831,
        "support": 20000.0
    },
    "weighted avg": {
        "precision": 0.8894713813559969,
        "recall": 0.881,
        "f1-score": 0.8851952385639512,
        "support": 20000.0
    },
    "time": 1.6516358852386475
}