{
    "0": {
        "precision": 0.2073755998989644,
        "recall": 0.2062814070351759,
        "f1-score": 0.20682705630432044,
        "support": 3980.0
    },
    "1": {
        "precision": 0.18394122277617422,
        "recall": 0.18496042216358838,
        "f1-score": 0.184449414550717,
        "support": 3790.0
    },
    "2": {
        "precision": 0.15011780545270953,
        "recall": 0.15594405594405594,
        "f1-score": 0.15297547590464758,
        "support": 2860.0
    },
    "3": {
        "precision": 0.3728040767064503,
        "recall": 0.36977919659483904,
        "f1-score": 0.3712854757929883,
        "support": 7518.0
    },
    "4": {
        "precision": 0.08934517203107659,
        "recall": 0.08693304535637149,
        "f1-score": 0.08812260536398467,
        "support": 1852.0
    },
    "accuracy": 0.24545,
    "macro avg": {
        "precision": 0.20071677537307503,
        "recall": 0.20077962541880617,
        "f1-score": 0.20073200558333162,
        "support": 20000.0
    },
    "weighted avg": {
        "precision": 0.24600186763974874,
        "recall": 0.24545,
        "f1-score": 0.24571360492357452,
        "support": 20000.0
    },
    "time": 1.5860059261322021
}