{
    "In poverty": {
        "precision": 0.21038961038961038,
        "recall": 0.04433497536945813,
        "f1-score": 0.07323688969258589,
        "support": 1827.0
    },
    "Near poverty": {
        "precision": 0.20061412487205732,
        "recall": 0.3308947664603264,
        "f1-score": 0.2497875955819881,
        "support": 1777.0
    },
    "Lower-middle income": {
        "precision": 0.1912427559562138,
        "recall": 0.3447475333720255,
        "f1-score": 0.2460136674259681,
        "support": 1723.0
    },
    "Middle income": {
        "precision": 0.17173766058147397,
        "recall": 0.1433408577878104,
        "f1-score": 0.15625961242694555,
        "support": 1772.0
    },
    "Higher income": {
        "precision": 0.20140280561122245,
        "recall": 0.11166666666666666,
        "f1-score": 0.14367405289492494,
        "support": 1800.0
    },
    "accuracy": 0.19305539948308797,
    "macro avg": {
        "precision": 0.1950773914821156,
        "recall": 0.19499695993125743,
        "f1-score": 0.17379436360448253,
        "support": 8899.0
    },
    "weighted avg": {
        "precision": 0.19521615588746966,
        "recall": 0.19305539948308797,
        "f1-score": 0.17272314105224215,
        "support": 8899.0
    },
    "time": 0.21085906028747559
}