{
    "0": {
        "precision": 0.9418310843503037,
        "recall": 0.9299819513748806,
        "f1-score": 0.9358690135954486,
        "support": 18838.0
    },
    "1": {
        "precision": 0.057183702644746245,
        "recall": 0.06884681583476764,
        "f1-score": 0.06247559547051933,
        "support": 1162.0
    },
    "accuracy": 0.87995,
    "macro avg": {
        "precision": 0.499507393497525,
        "recall": 0.4994143836048241,
        "f1-score": 0.49917230453298395,
        "support": 20000.0
    },
    "weighted avg": {
        "precision": 0.8904330714732108,
        "recall": 0.87995,
        "f1-score": 0.8851248560023901,
        "support": 20000.0
    },
    "time": 1.533766746520996
}