{
    "0": {
        "precision": 0.4902127659574468,
        "recall": 0.493573264781491,
        "f1-score": 0.4918872758326217,
        "support": 1167.0
    },
    "1": {
        "precision": 0.5037783375314862,
        "recall": 0.5004170141784821,
        "f1-score": 0.502092050209205,
        "support": 1199.0
    },
    "accuracy": 0.4970414201183432,
    "macro avg": {
        "precision": 0.49699555174446647,
        "recall": 0.4969951394799865,
        "f1-score": 0.49698966302091335,
        "support": 2366.0
    },
    "weighted avg": {
        "precision": 0.49708728849221984,
        "recall": 0.4970414201183432,
        "f1-score": 0.49705867248415314,
        "support": 2366.0
    },
    "time": 0.08168911933898926
}