{
    "0": {
        "precision": 0.5080576759966073,
        "recall": 0.5132819194515853,
        "f1-score": 0.5106564364876386,
        "support": 1167.0
    },
    "1": {
        "precision": 0.5214827295703454,
        "recall": 0.5162635529608006,
        "f1-score": 0.5188600167644594,
        "support": 1199.0
    },
    "accuracy": 0.514792899408284,
    "macro avg": {
        "precision": 0.5147702027834764,
        "recall": 0.5147727362061929,
        "f1-score": 0.514758226626049,
        "support": 2366.0
    },
    "weighted avg": {
        "precision": 0.514860989282707,
        "recall": 0.514792899408284,
        "f1-score": 0.5148137030776251,
        "support": 2366.0
    },
    "time": 0.11227297782897949
}