{
    "0": {
        "precision": 0.2127659574468085,
        "recall": 0.15384615384615385,
        "f1-score": 0.17857142857142858,
        "support": 65.0
    },
    "1": {
        "precision": 0.11290322580645161,
        "recall": 0.1320754716981132,
        "f1-score": 0.12173913043478261,
        "support": 53.0
    },
    "2": {
        "precision": 0.13725490196078433,
        "recall": 0.12962962962962962,
        "f1-score": 0.13333333333333333,
        "support": 54.0
    },
    "3": {
        "precision": 0.14814814814814814,
        "recall": 0.14814814814814814,
        "f1-score": 0.14814814814814814,
        "support": 54.0
    },
    "4": {
        "precision": 0.14285714285714285,
        "recall": 0.16363636363636364,
        "f1-score": 0.15254237288135594,
        "support": 55.0
    },
    "5": {
        "precision": 0.14285714285714285,
        "recall": 0.15517241379310345,
        "f1-score": 0.1487603305785124,
        "support": 58.0
    },
    "6": {
        "precision": 0.12727272727272726,
        "recall": 0.125,
        "f1-score": 0.12612612612612611,
        "support": 56.0
    },
    "accuracy": 0.14430379746835442,
    "macro avg": {
        "precision": 0.14629417804988648,
        "recall": 0.14392974010735884,
        "f1-score": 0.14417441001052672,
        "support": 395.0
    },
    "weighted avg": {
        "precision": 0.14809000703239672,
        "recall": 0.14430379746835442,
        "f1-score": 0.1451653405450068,
        "support": 395.0
    },
    "time": 0.016004085540771484
}