{
    "0": {
        "precision": 0.18181818181818182,
        "recall": 0.15384615384615385,
        "f1-score": 0.16666666666666666,
        "support": 65.0
    },
    "1": {
        "precision": 0.13636363636363635,
        "recall": 0.11320754716981132,
        "f1-score": 0.12371134020618557,
        "support": 53.0
    },
    "2": {
        "precision": 0.19696969696969696,
        "recall": 0.24074074074074073,
        "f1-score": 0.21666666666666667,
        "support": 54.0
    },
    "3": {
        "precision": 0.11290322580645161,
        "recall": 0.12962962962962962,
        "f1-score": 0.1206896551724138,
        "support": 54.0
    },
    "4": {
        "precision": 0.14814814814814814,
        "recall": 0.14545454545454545,
        "f1-score": 0.14678899082568808,
        "support": 55.0
    },
    "5": {
        "precision": 0.09433962264150944,
        "recall": 0.08620689655172414,
        "f1-score": 0.09009009009009009,
        "support": 58.0
    },
    "6": {
        "precision": 0.16393442622950818,
        "recall": 0.17857142857142858,
        "f1-score": 0.17094017094017094,
        "support": 56.0
    },
    "accuracy": 0.14936708860759493,
    "macro avg": {
        "precision": 0.14778241971101894,
        "recall": 0.1496652774234334,
        "f1-score": 0.14793622579541169,
        "support": 395.0
    },
    "weighted avg": {
        "precision": 0.1483006746976575,
        "recall": 0.14936708860759493,
        "f1-score": 0.14804694946040295,
        "support": 395.0
    },
    "time": 0.016301870346069336
}