{
    "0": {
        "precision": 0.5312379483224065,
        "recall": 0.5183930755480289,
        "f1-score": 0.5247369172896529,
        "support": 10629.0
    },
    "1": {
        "precision": 0.20542082738944364,
        "recall": 0.20899854862119013,
        "f1-score": 0.20719424460431654,
        "support": 4134.0
    },
    "2": {
        "precision": 0.1216509775524982,
        "recall": 0.12527964205816555,
        "f1-score": 0.12343864805290228,
        "support": 2682.0
    },
    "3": {
        "precision": 0.06319018404907975,
        "recall": 0.06880427521710086,
        "f1-score": 0.06587783818356252,
        "support": 1497.0
    },
    "4": {
        "precision": 0.0387409200968523,
        "recall": 0.0365296803652968,
        "f1-score": 0.03760282021151586,
        "support": 876.0
    },
    "5": {
        "precision": 0.007194244604316547,
        "recall": 0.008,
        "f1-score": 0.007575757575757576,
        "support": 125.0
    },
    "6": {
        "precision": 0.0,
        "recall": 0.0,
        "f1-score": 0.0,
        "support": 57.0
    },
    "accuracy": 0.3423,
    "macro avg": {
        "precision": 0.13820501457351383,
        "recall": 0.13800074597282605,
        "f1-score": 0.13806088941681538,
        "support": 20000.0
    },
    "weighted avg": {
        "precision": 0.3475718903522237,
        "recall": 0.3423,
        "f1-score": 0.3448769159553449,
        "support": 20000.0
    },
    "time": 1.688887119293213
}