{
    "Female": {
        "precision": 0.34167893961708395,
        "recall": 0.2245885769603098,
        "f1-score": 0.27102803738317754,
        "support": 1033.0
    },
    "Male": {
        "precision": 0.3160823594880356,
        "recall": 0.5916666666666667,
        "f1-score": 0.41204207471889737,
        "support": 960.0
    },
    "Nonbinary": {
        "precision": 0.3183453237410072,
        "recall": 0.17035611164581327,
        "f1-score": 0.22194357366771159,
        "support": 1039.0
    },
    "accuracy": 0.3222295514511873,
    "macro avg": {
        "precision": 0.32536887428204225,
        "recall": 0.3288704517575966,
        "f1-score": 0.30167122858992884,
        "support": 3032.0
    },
    "weighted avg": {
        "precision": 0.3255785623680305,
        "recall": 0.3222295514511873,
        "f1-score": 0.29885611061600137,
        "support": 3032.0
    },
    "time": 0.06057906150817871
}