{
    "Domestic": {
        "precision": 0.5023400936037441,
        "recall": 0.5518423307626392,
        "f1-score": 0.5259289505920784,
        "support": 1167.0
    },
    "International": {
        "precision": 0.5175276752767528,
        "recall": 0.46788990825688076,
        "f1-score": 0.4914586070959264,
        "support": 1199.0
    },
    "accuracy": 0.5092983939137785,
    "macro avg": {
        "precision": 0.5099338844402485,
        "recall": 0.50986611950976,
        "f1-score": 0.5086937788440025,
        "support": 2366.0
    },
    "weighted avg": {
        "precision": 0.5100365899798799,
        "recall": 0.5092983939137785,
        "f1-score": 0.5084606742387875,
        "support": 2366.0
    },
    "time": 0.015469074249267578
}