{
    "0": {
        "precision": 0.2076966610073571,
        "recall": 0.20087575259989054,
        "f1-score": 0.2042292710072343,
        "support": 1827.0
    },
    "1": {
        "precision": 0.19313779745434423,
        "recall": 0.1963984243106359,
        "f1-score": 0.19475446428571427,
        "support": 1777.0
    },
    "2": {
        "precision": 0.1939532230462065,
        "recall": 0.19733023795705165,
        "f1-score": 0.1956271576524741,
        "support": 1723.0
    },
    "3": {
        "precision": 0.19640852974186307,
        "recall": 0.19751693002257337,
        "f1-score": 0.19696117051209905,
        "support": 1772.0
    },
    "4": {
        "precision": 0.20837988826815643,
        "recall": 0.20722222222222222,
        "f1-score": 0.20779944289693594,
        "support": 1800.0
    },
    "accuracy": 0.19991010225868075,
    "macro avg": {
        "precision": 0.19991521990358546,
        "recall": 0.19986871342247473,
        "f1-score": 0.19987430127089154,
        "support": 8899.0
    },
    "weighted avg": {
        "precision": 0.20001896647159095,
        "recall": 0.19991010225868075,
        "f1-score": 0.19994666200281697,
        "support": 8899.0
    },
    "time": 0.5880880355834961
}