{
    "0": {
        "precision": 0.20059171597633135,
        "recall": 0.18555008210180624,
        "f1-score": 0.19277793574068808,
        "support": 1827.0
    },
    "1": {
        "precision": 0.2050163576881134,
        "recall": 0.21159257175014068,
        "f1-score": 0.20825256161728053,
        "support": 1777.0
    },
    "2": {
        "precision": 0.18992248062015504,
        "recall": 0.19907138711549624,
        "f1-score": 0.19438934542363276,
        "support": 1723.0
    },
    "3": {
        "precision": 0.1997780244173141,
        "recall": 0.20316027088036118,
        "f1-score": 0.20145495243424735,
        "support": 1772.0
    },
    "4": {
        "precision": 0.19241652518392757,
        "recall": 0.18888888888888888,
        "f1-score": 0.1906363891225119,
        "support": 1800.0
    },
    "accuracy": 0.19755028654905046,
    "macro avg": {
        "precision": 0.1975450207771683,
        "recall": 0.19765264014733863,
        "f1-score": 0.19750223686767213,
        "support": 8899.0
    },
    "weighted avg": {
        "precision": 0.19759388374060147,
        "recall": 0.19755028654905046,
        "f1-score": 0.19747461612440406,
        "support": 8899.0
    },
    "time": 0.5447039604187012
}