{
    "0": {
        "precision": 0.19709854927463732,
        "recall": 0.19798994974874373,
        "f1-score": 0.19754324392078215,
        "support": 3980.0
    },
    "1": {
        "precision": 0.19345011424219344,
        "recall": 0.20105540897097626,
        "f1-score": 0.197179454004399,
        "support": 3790.0
    },
    "2": {
        "precision": 0.13928458372902816,
        "recall": 0.15384615384615385,
        "f1-score": 0.146203688320319,
        "support": 2860.0
    },
    "3": {
        "precision": 0.3811936936936937,
        "recall": 0.3602021814312317,
        "f1-score": 0.37040076596908766,
        "support": 7518.0
    },
    "4": {
        "precision": 0.09888888888888889,
        "recall": 0.09611231101511879,
        "f1-score": 0.09748083242059145,
        "support": 1852.0
    },
    "accuracy": 0.2438,
    "macro avg": {
        "precision": 0.20198316596568827,
        "recall": 0.2018412010024449,
        "f1-score": 0.20176159692703582,
        "support": 20000.0
    },
    "weighted avg": {
        "precision": 0.2482469239983701,
        "recall": 0.2438,
        "f1-score": 0.2458441125138017,
        "support": 20000.0
    },
    "time": 1.3763883113861084
}