{
    "Domestic": {
        "precision": 0.4901055408970976,
        "recall": 0.636675235646958,
        "f1-score": 0.5538576220648528,
        "support": 1167.0
    },
    "International": {
        "precision": 0.5011764705882353,
        "recall": 0.35529608006672225,
        "f1-score": 0.4158125915080527,
        "support": 1199.0
    },
    "accuracy": 0.4940828402366864,
    "macro avg": {
        "precision": 0.49564100574266645,
        "recall": 0.4959856578568401,
        "f1-score": 0.48483510678645275,
        "support": 2366.0
    },
    "weighted avg": {
        "precision": 0.4957158725537646,
        "recall": 0.4940828402366864,
        "f1-score": 0.48390158164321156,
        "support": 2366.0
    },
    "time": 0.023669004440307617
}