{
    "In poverty": {
        "precision": 0.1997828447339848,
        "recall": 0.10071154898741105,
        "f1-score": 0.1339155749636099,
        "support": 1827.0
    },
    "Near poverty": {
        "precision": 0.18283764017552415,
        "recall": 0.21102982554867755,
        "f1-score": 0.19592476489028213,
        "support": 1777.0
    },
    "Lower-middle income": {
        "precision": 0.18942992874109263,
        "recall": 0.3702843876958793,
        "f1-score": 0.25063838145747397,
        "support": 1723.0
    },
    "Middle income": {
        "precision": 0.20520581113801453,
        "recall": 0.19130925507900678,
        "f1-score": 0.19801401869158877,
        "support": 1772.0
    },
    "Higher income": {
        "precision": 0.2105843439911797,
        "recall": 0.10611111111111111,
        "f1-score": 0.14111562615441448,
        "support": 1800.0
    },
    "accuracy": 0.19406674907292953,
    "macro avg": {
        "precision": 0.19756811375595915,
        "recall": 0.19588922568441716,
        "f1-score": 0.18392167323147385,
        "support": 8899.0
    },
    "weighted avg": {
        "precision": 0.19765929066889362,
        "recall": 0.19406674907292953,
        "f1-score": 0.1831173122956754,
        "support": 8899.0
    },
    "time": 0.17306804656982422
}