{
    "0": {
        "precision": 0.49911504424778763,
        "recall": 0.4832904884318766,
        "f1-score": 0.4910753156290814,
        "support": 1167.0
    },
    "1": {
        "precision": 0.5121359223300971,
        "recall": 0.5279399499582986,
        "f1-score": 0.519917864476386,
        "support": 1199.0
    },
    "accuracy": 0.5059171597633136,
    "macro avg": {
        "precision": 0.5056254832889424,
        "recall": 0.5056152191950876,
        "f1-score": 0.5054965900527337,
        "support": 2366.0
    },
    "weighted avg": {
        "precision": 0.5057135365642242,
        "recall": 0.5059171597633136,
        "f1-score": 0.5056916368750316,
        "support": 2366.0
    },
    "time": 0.14237380027770996
}