{
    "0": {
        "precision": 0.13333333333333333,
        "recall": 0.12307692307692308,
        "f1-score": 0.128,
        "support": 65.0
    },
    "1": {
        "precision": 0.15384615384615385,
        "recall": 0.1509433962264151,
        "f1-score": 0.1523809523809524,
        "support": 53.0
    },
    "2": {
        "precision": 0.1509433962264151,
        "recall": 0.14814814814814814,
        "f1-score": 0.14953271028037382,
        "support": 54.0
    },
    "3": {
        "precision": 0.14864864864864866,
        "recall": 0.2037037037037037,
        "f1-score": 0.171875,
        "support": 54.0
    },
    "4": {
        "precision": 0.09433962264150944,
        "recall": 0.09090909090909091,
        "f1-score": 0.09259259259259259,
        "support": 55.0
    },
    "5": {
        "precision": 0.16666666666666666,
        "recall": 0.13793103448275862,
        "f1-score": 0.1509433962264151,
        "support": 58.0
    },
    "6": {
        "precision": 0.21818181818181817,
        "recall": 0.21428571428571427,
        "f1-score": 0.21621621621621623,
        "support": 56.0
    },
    "accuracy": 0.1518987341772152,
    "macro avg": {
        "precision": 0.1522799485063636,
        "recall": 0.15271400154753625,
        "f1-score": 0.15164869538522144,
        "support": 395.0
    },
    "weighted avg": {
        "precision": 0.1520810404402475,
        "recall": 0.1518987341772152,
        "f1-score": 0.15115854307129983,
        "support": 395.0
    },
    "time": 0.013657093048095703
}