{
    "0": {
        "precision": 0.5340563165905632,
        "recall": 0.5281776272462132,
        "f1-score": 0.5311007047916371,
        "support": 10629.0
    },
    "1": {
        "precision": 0.21351286366915123,
        "recall": 0.21480406386066764,
        "f1-score": 0.2141565175449174,
        "support": 4134.0
    },
    "2": {
        "precision": 0.13547904191616766,
        "recall": 0.13497390007457122,
        "f1-score": 0.13522599925289502,
        "support": 2682.0
    },
    "3": {
        "precision": 0.07170542635658915,
        "recall": 0.07414829659318638,
        "f1-score": 0.0729064039408867,
        "support": 1497.0
    },
    "4": {
        "precision": 0.04293785310734463,
        "recall": 0.04337899543378995,
        "f1-score": 0.04315729699034639,
        "support": 876.0
    },
    "5": {
        "precision": 0.011976047904191617,
        "recall": 0.016,
        "f1-score": 0.0136986301369863,
        "support": 125.0
    },
    "6": {
        "precision": 0.0,
        "recall": 0.0,
        "f1-score": 0.0,
        "support": 57.0
    },
    "accuracy": 0.35075,
    "macro avg": {
        "precision": 0.14423822136342965,
        "recall": 0.1444975547440612,
        "f1-score": 0.14432079323680982,
        "support": 20000.0
    },
    "weighted avg": {
        "precision": 0.35344775732172007,
        "recall": 0.35075,
        "f1-score": 0.35208637861937186,
        "support": 20000.0
    },
    "time": 1.8193910121917725
}