{
    "0": {
        "precision": 0.14754098360655737,
        "recall": 0.13846153846153847,
        "f1-score": 0.14285714285714285,
        "support": 65.0
    },
    "1": {
        "precision": 0.15217391304347827,
        "recall": 0.1320754716981132,
        "f1-score": 0.1414141414141414,
        "support": 53.0
    },
    "2": {
        "precision": 0.11475409836065574,
        "recall": 0.12962962962962962,
        "f1-score": 0.12173913043478261,
        "support": 54.0
    },
    "3": {
        "precision": 0.12244897959183673,
        "recall": 0.1111111111111111,
        "f1-score": 0.11650485436893204,
        "support": 54.0
    },
    "4": {
        "precision": 0.21568627450980393,
        "recall": 0.2,
        "f1-score": 0.20754716981132076,
        "support": 55.0
    },
    "5": {
        "precision": 0.2,
        "recall": 0.2413793103448276,
        "f1-score": 0.21875,
        "support": 58.0
    },
    "6": {
        "precision": 0.19298245614035087,
        "recall": 0.19642857142857142,
        "f1-score": 0.19469026548672566,
        "support": 56.0
    },
    "accuracy": 0.16455696202531644,
    "macro avg": {
        "precision": 0.16365524360752612,
        "recall": 0.1641550903819702,
        "f1-score": 0.16335752919614935,
        "support": 395.0
    },
    "weighted avg": {
        "precision": 0.16388382323307352,
        "recall": 0.16455696202531644,
        "f1-score": 0.16367364092897127,
        "support": 395.0
    },
    "time": 0.018999099731445312
}