{
    "0": {
        "precision": 0.5288079163969296,
        "recall": 0.5379621789443974,
        "f1-score": 0.5333457699841433,
        "support": 10629.0
    },
    "1": {
        "precision": 0.20826119218402175,
        "recall": 0.20367682631833575,
        "f1-score": 0.20594350006114712,
        "support": 4134.0
    },
    "2": {
        "precision": 0.13163799551234107,
        "recall": 0.13124533929903057,
        "f1-score": 0.13144137415982077,
        "support": 2682.0
    },
    "3": {
        "precision": 0.07712944332662643,
        "recall": 0.07682030728122913,
        "f1-score": 0.07697456492637215,
        "support": 1497.0
    },
    "4": {
        "precision": 0.044585987261146494,
        "recall": 0.03995433789954338,
        "f1-score": 0.04214328717639976,
        "support": 876.0
    },
    "5": {
        "precision": 0.014705882352941176,
        "recall": 0.016,
        "f1-score": 0.01532567049808429,
        "support": 125.0
    },
    "6": {
        "precision": 0.0,
        "recall": 0.0,
        "f1-score": 0.0,
        "support": 57.0
    },
    "accuracy": 0.3532,
    "macro avg": {
        "precision": 0.14358977386200092,
        "recall": 0.14366556996321944,
        "f1-score": 0.1435963095437096,
        "support": 20000.0
    },
    "weighted avg": {
        "precision": 0.3495531276315326,
        "recall": 0.35319999999999996,
        "f1-score": 0.3513446267992223,
        "support": 20000.0
    },
    "time": 1.3747680187225342
}