{
    "Domestic": {
        "precision": 0.4825119236883943,
        "recall": 0.5201371036846615,
        "f1-score": 0.500618556701031,
        "support": 1167.0
    },
    "International": {
        "precision": 0.49458483754512633,
        "recall": 0.457047539616347,
        "f1-score": 0.4750758560901604,
        "support": 1199.0
    },
    "accuracy": 0.4881656804733728,
    "macro avg": {
        "precision": 0.4885483806167603,
        "recall": 0.48859232165050426,
        "f1-score": 0.48784720639559565,
        "support": 2366.0
    },
    "weighted avg": {
        "precision": 0.48863002331401634,
        "recall": 0.4881656804733728,
        "f1-score": 0.48767447469239456,
        "support": 2366.0
    },
    "time": 0.02429485321044922
}