{
    "In poverty": {
        "precision": 0.20461538461538462,
        "recall": 0.07279693486590039,
        "f1-score": 0.10738796931772306,
        "support": 1827.0
    },
    "Near poverty": {
        "precision": 0.23246492985971945,
        "recall": 0.06527855936972425,
        "f1-score": 0.10193321616871705,
        "support": 1777.0
    },
    "Lower-middle income": {
        "precision": 0.18285331547220363,
        "recall": 0.3168891468369124,
        "f1-score": 0.23189636865576554,
        "support": 1723.0
    },
    "Middle income": {
        "precision": 0.19520103761348898,
        "recall": 0.3397291196388262,
        "f1-score": 0.24794069192751236,
        "support": 1772.0
    },
    "Higher income": {
        "precision": 0.20535714285714285,
        "recall": 0.19166666666666668,
        "f1-score": 0.19827586206896552,
        "support": 1800.0
    },
    "accuracy": 0.19575233172266546,
    "macro avg": {
        "precision": 0.2040983620835879,
        "recall": 0.19727208547560598,
        "f1-score": 0.1774868216277367,
        "support": 8899.0
    },
    "weighted avg": {
        "precision": 0.20423843649911178,
        "recall": 0.19575233172266546,
        "f1-score": 0.1767769464084576,
        "support": 8899.0
    },
    "time": 0.1548302173614502
}