{
    "Domestic": {
        "precision": 0.5003855050115652,
        "recall": 0.5561268209083119,
        "f1-score": 0.5267857142857143,
        "support": 1167.0
    },
    "International": {
        "precision": 0.5154349859681946,
        "recall": 0.45954962468723937,
        "f1-score": 0.4858906525573192,
        "support": 1199.0
    },
    "accuracy": 0.5071851225697379,
    "macro avg": {
        "precision": 0.5079102454898798,
        "recall": 0.5078382227977756,
        "f1-score": 0.5063381834215168,
        "support": 2366.0
    },
    "weighted avg": {
        "precision": 0.5080120171277945,
        "recall": 0.5071851225697379,
        "f1-score": 0.5060616318629139,
        "support": 2366.0
    },
    "time": 0.01711726188659668
}