{
    "0": {
        "precision": 0.9416908057075422,
        "recall": 0.93189298226988,
        "f1-score": 0.9367662753468516,
        "support": 18838.0
    },
    "1": {
        "precision": 0.05522827687776141,
        "recall": 0.06454388984509467,
        "f1-score": 0.05952380952380952,
        "support": 1162.0
    },
    "accuracy": 0.8815,
    "macro avg": {
        "precision": 0.4984595412926518,
        "recall": 0.49821843605748733,
        "f1-score": 0.4981450424353306,
        "support": 20000.0
    },
    "weighted avg": {
        "precision": 0.890187332782532,
        "recall": 0.8815,
        "f1-score": 0.885798488082533,
        "support": 20000.0
    },
    "time": 1.5352120399475098
}