{
    "0": {
        "precision": 0.4928751047778709,
        "recall": 0.5038560411311054,
        "f1-score": 0.49830508474576274,
        "support": 1167.0
    },
    "1": {
        "precision": 0.5063938618925832,
        "recall": 0.4954128440366973,
        "f1-score": 0.5008431703204047,
        "support": 1199.0
    },
    "accuracy": 0.4995773457311919,
    "macro avg": {
        "precision": 0.49963448333522703,
        "recall": 0.49963444258390133,
        "f1-score": 0.4995741275330837,
        "support": 2366.0
    },
    "weighted avg": {
        "precision": 0.4997259035016833,
        "recall": 0.4995773457311919,
        "f1-score": 0.4995912912563273,
        "support": 2366.0
    },
    "time": 0.09639596939086914
}