{
    "0": {
        "precision": 0.493322203672788,
        "recall": 0.506426735218509,
        "f1-score": 0.4997885835095137,
        "support": 1167.0
    },
    "1": {
        "precision": 0.5068493150684932,
        "recall": 0.493744787322769,
        "f1-score": 0.5002112378538234,
        "support": 1199.0
    },
    "accuracy": 0.5,
    "macro avg": {
        "precision": 0.5000857593706406,
        "recall": 0.500085761270639,
        "f1-score": 0.49999991068166855,
        "support": 2366.0
    },
    "weighted avg": {
        "precision": 0.5001772360326572,
        "recall": 0.5,
        "f1-score": 0.5000027688682742,
        "support": 2366.0
    },
    "time": 0.10136914253234863
}