{
    "In poverty": {
        "precision": 0.22503328894806923,
        "recall": 0.09250136836343732,
        "f1-score": 0.13110938712179984,
        "support": 1827.0
    },
    "Near poverty": {
        "precision": 0.19213696892834495,
        "recall": 0.17051209904333145,
        "f1-score": 0.1806797853309481,
        "support": 1777.0
    },
    "Lower-middle income": {
        "precision": 0.18667171525937146,
        "recall": 0.2861288450377249,
        "f1-score": 0.22593950504124657,
        "support": 1723.0
    },
    "Middle income": {
        "precision": 0.19346049046321526,
        "recall": 0.20033860045146726,
        "f1-score": 0.19683947879123925,
        "support": 1772.0
    },
    "Higher income": {
        "precision": 0.20334128878281624,
        "recall": 0.23666666666666666,
        "f1-score": 0.21874197689345315,
        "support": 1800.0
    },
    "accuracy": 0.1962018204292617,
    "macro avg": {
        "precision": 0.20012875047636342,
        "recall": 0.19722951591252552,
        "f1-score": 0.19066202663573736,
        "support": 8899.0
    },
    "weighted avg": {
        "precision": 0.20036238757114,
        "recall": 0.1962018204292617,
        "f1-score": 0.19018245991875296,
        "support": 8899.0
    },
    "time": 0.14778709411621094
}