{
    "0": {
        "precision": 0.5283755475147591,
        "recall": 0.5220622824348481,
        "f1-score": 0.5251999432113956,
        "support": 10629.0
    },
    "1": {
        "precision": 0.20449653193016024,
        "recall": 0.20682148040638607,
        "f1-score": 0.20565243535778713,
        "support": 4134.0
    },
    "2": {
        "precision": 0.13530269876002918,
        "recall": 0.1383296047725578,
        "f1-score": 0.13679941002949852,
        "support": 2682.0
    },
    "3": {
        "precision": 0.0748663101604278,
        "recall": 0.07481629926519706,
        "f1-score": 0.07484129635816907,
        "support": 1497.0
    },
    "4": {
        "precision": 0.03810623556581986,
        "recall": 0.03767123287671233,
        "f1-score": 0.03788748564867968,
        "support": 876.0
    },
    "5": {
        "precision": 0.005917159763313609,
        "recall": 0.008,
        "f1-score": 0.006802721088435374,
        "support": 125.0
    },
    "6": {
        "precision": 0.0,
        "recall": 0.0,
        "f1-score": 0.0,
        "support": 57.0
    },
    "accuracy": 0.34605,
    "macro avg": {
        "precision": 0.14100921195635854,
        "recall": 0.14110012853652876,
        "f1-score": 0.14102618452770935,
        "support": 20000.0
    },
    "weighted avg": {
        "precision": 0.3485284884622144,
        "recall": 0.34605,
        "f1-score": 0.3472745290037304,
        "support": 20000.0
    },
    "time": 1.6986498832702637
}