{
    "European American or white": {
        "precision": 0.21052631578947367,
        "recall": 0.06153846153846154,
        "f1-score": 0.09523809523809523,
        "support": 65.0
    },
    "Latino/a/x American": {
        "precision": 0.104,
        "recall": 0.24528301886792453,
        "f1-score": 0.14606741573033707,
        "support": 53.0
    },
    "African American or Black": {
        "precision": 0.13953488372093023,
        "recall": 0.1111111111111111,
        "f1-score": 0.12371134020618557,
        "support": 54.0
    },
    "Asian American": {
        "precision": 0.13333333333333333,
        "recall": 0.18518518518518517,
        "f1-score": 0.15503875968992248,
        "support": 54.0
    },
    "Multiracial": {
        "precision": 0.1509433962264151,
        "recall": 0.14545454545454545,
        "f1-score": 0.14814814814814814,
        "support": 55.0
    },
    "American Indian or Alaska Native": {
        "precision": 0.11864406779661017,
        "recall": 0.1206896551724138,
        "f1-score": 0.11965811965811966,
        "support": 58.0
    },
    "Pacific Islander": {
        "precision": 0.14285714285714285,
        "recall": 0.05357142857142857,
        "f1-score": 0.07792207792207792,
        "support": 56.0
    },
    "accuracy": 0.1291139240506329,
    "macro avg": {
        "precision": 0.14283416281770075,
        "recall": 0.1318333437001529,
        "f1-score": 0.12368342237041231,
        "support": 395.0
    },
    "weighted avg": {
        "precision": 0.14459325815671456,
        "recall": 0.1291139240506329,
        "f1-score": 0.12262407612792238,
        "support": 395.0
    },
    "time": 0.012936115264892578
}