{
    "Domestic": {
        "precision": 0.4868519909842224,
        "recall": 0.5552699228791774,
        "f1-score": 0.5188150520416333,
        "support": 1167.0
    },
    "International": {
        "precision": 0.4985507246376812,
        "recall": 0.4303586321934946,
        "f1-score": 0.4619516562220233,
        "support": 1199.0
    },
    "accuracy": 0.4919695688926458,
    "macro avg": {
        "precision": 0.4927013578109518,
        "recall": 0.492814277536336,
        "f1-score": 0.49038335413182826,
        "support": 2366.0
    },
    "weighted avg": {
        "precision": 0.49278047012644427,
        "recall": 0.4919695688926458,
        "f1-score": 0.48999881722011485,
        "support": 2366.0
    },
    "time": 0.02043914794921875
}