{
    "0": {
        "precision": 0.33752620545073375,
        "recall": 0.3117134559535334,
        "f1-score": 0.3241066935078007,
        "support": 1033.0
    },
    "1": {
        "precision": 0.314975845410628,
        "recall": 0.33958333333333335,
        "f1-score": 0.3268170426065163,
        "support": 960.0
    },
    "2": {
        "precision": 0.336529242569511,
        "recall": 0.33782483156881615,
        "f1-score": 0.3371757925072046,
        "support": 1039.0
    },
    "accuracy": 0.3294854881266491,
    "macro avg": {
        "precision": 0.3296770978102909,
        "recall": 0.3297072069518943,
        "f1-score": 0.32936650954050717,
        "support": 3032.0
    },
    "weighted avg": {
        "precision": 0.33004461241904115,
        "recall": 0.3294854881266491,
        "f1-score": 0.3294433455510552,
        "support": 3032.0
    },
    "time": 0.16188812255859375
}