{
    "0": {
        "precision": 0.5497981789167371,
        "recall": 0.5343490557430891,
        "f1-score": 0.5419635421486074,
        "support": 10961.0
    },
    "1": {
        "precision": 0.40021783855742465,
        "recall": 0.41162559123724174,
        "f1-score": 0.4058415659323802,
        "support": 8034.0
    },
    "2": {
        "precision": 0.0470479704797048,
        "recall": 0.050746268656716415,
        "f1-score": 0.048827190043082815,
        "support": 1005.0
    },
    "accuracy": 0.46075,
    "macro avg": {
        "precision": 0.3323546626512888,
        "recall": 0.3322403052123491,
        "f1-score": 0.3322107660413568,
        "support": 20000.0
    },
    "weighted avg": {
        "precision": 0.4644485582204404,
        "recall": 0.46075,
        "f1-score": 0.46250324260924636,
        "support": 20000.0
    },
    "time": 2.148591995239258
}