{
    "In poverty": {
        "precision": 0.17543859649122806,
        "recall": 0.005473453749315818,
        "f1-score": 0.010615711252653927,
        "support": 1827.0
    },
    "Near poverty": {
        "precision": 0.1925764192139738,
        "recall": 0.24817107484524478,
        "f1-score": 0.21686746987951808,
        "support": 1777.0
    },
    "Lower-middle income": {
        "precision": 0.20168388825105243,
        "recall": 0.3058618688334301,
        "f1-score": 0.24308118081180813,
        "support": 1723.0
    },
    "Middle income": {
        "precision": 0.18697123519458544,
        "recall": 0.24943566591422123,
        "f1-score": 0.2137330754352031,
        "support": 1772.0
    },
    "Higher income": {
        "precision": 0.2038095238095238,
        "recall": 0.17833333333333334,
        "f1-score": 0.1902222222222222,
        "support": 1800.0
    },
    "accuracy": 0.1956399595460164,
    "macro avg": {
        "precision": 0.19209593259207272,
        "recall": 0.19745507933510906,
        "f1-score": 0.17490393192028109,
        "support": 8899.0
    },
    "weighted avg": {
        "precision": 0.19197731473325277,
        "recall": 0.1956399595460164,
        "f1-score": 0.1735849289408279,
        "support": 8899.0
    },
    "time": 0.1909780502319336
}