{
    "Domestic": {
        "precision": 0.49380677126341865,
        "recall": 0.5124250214224507,
        "f1-score": 0.5029436501261564,
        "support": 1167.0
    },
    "International": {
        "precision": 0.5073593073593073,
        "recall": 0.48874061718098416,
        "f1-score": 0.49787595581988103,
        "support": 1199.0
    },
    "accuracy": 0.5004226542688082,
    "macro avg": {
        "precision": 0.500583039311363,
        "recall": 0.5005828193017174,
        "f1-score": 0.5004098029730187,
        "support": 2366.0
    },
    "weighted avg": {
        "precision": 0.5006746879071087,
        "recall": 0.5004226542688082,
        "f1-score": 0.5003755328509136,
        "support": 2366.0
    },
    "time": 0.024461746215820312
}