{
    "0": {
        "precision": 0.1935483870967742,
        "recall": 0.18461538461538463,
        "f1-score": 0.1889763779527559,
        "support": 65.0
    },
    "1": {
        "precision": 0.12903225806451613,
        "recall": 0.1509433962264151,
        "f1-score": 0.1391304347826087,
        "support": 53.0
    },
    "2": {
        "precision": 0.09302325581395349,
        "recall": 0.07407407407407407,
        "f1-score": 0.08247422680412371,
        "support": 54.0
    },
    "3": {
        "precision": 0.12307692307692308,
        "recall": 0.14814814814814814,
        "f1-score": 0.13445378151260504,
        "support": 54.0
    },
    "4": {
        "precision": 0.18333333333333332,
        "recall": 0.2,
        "f1-score": 0.19130434782608696,
        "support": 55.0
    },
    "5": {
        "precision": 0.16326530612244897,
        "recall": 0.13793103448275862,
        "f1-score": 0.14953271028037382,
        "support": 58.0
    },
    "6": {
        "precision": 0.1111111111111111,
        "recall": 0.10714285714285714,
        "f1-score": 0.10909090909090909,
        "support": 56.0
    },
    "accuracy": 0.14430379746835442,
    "macro avg": {
        "precision": 0.14234151065986575,
        "recall": 0.14326498495566256,
        "f1-score": 0.14213754117849475,
        "support": 395.0
    },
    "weighted avg": {
        "precision": 0.14395875394803698,
        "recall": 0.14430379746835442,
        "f1-score": 0.14348156277290663,
        "support": 395.0
    },
    "time": 0.017606258392333984
}