{
    "0": {
        "precision": 0.32193158953722334,
        "recall": 0.30977734753146174,
        "f1-score": 0.31573754316724223,
        "support": 1033.0
    },
    "1": {
        "precision": 0.32596153846153847,
        "recall": 0.353125,
        "f1-score": 0.339,
        "support": 960.0
    },
    "2": {
        "precision": 0.3406813627254509,
        "recall": 0.3272377285851781,
        "f1-score": 0.3338242513500245,
        "support": 1039.0
    },
    "accuracy": 0.3294854881266491,
    "macro avg": {
        "precision": 0.3295248302414043,
        "recall": 0.33004669203887993,
        "f1-score": 0.32952059817242224,
        "support": 3032.0
    },
    "weighted avg": {
        "precision": 0.3296326994679328,
        "recall": 0.3294854881266491,
        "f1-score": 0.3293008836558169,
        "support": 3032.0
    },
    "time": 0.17755508422851562
}