{
    "0": {
        "precision": 0.9417574749047184,
        "recall": 0.9313090561630747,
        "f1-score": 0.9365041236287933,
        "support": 18838.0
    },
    "1": {
        "precision": 0.05616338439095551,
        "recall": 0.06626506024096386,
        "f1-score": 0.06079747335175681,
        "support": 1162.0
    },
    "accuracy": 0.88105,
    "macro avg": {
        "precision": 0.49896042964783693,
        "recall": 0.4987870582020193,
        "f1-score": 0.49865079849027505,
        "support": 20000.0
    },
    "weighted avg": {
        "precision": 0.8903044582458688,
        "recall": 0.88105,
        "f1-score": 0.8856255672476975,
        "support": 20000.0
    },
    "time": 1.399458885192871
}