{
    "Domestic": {
        "precision": 0.5077551020408163,
        "recall": 0.5329905741216795,
        "f1-score": 0.520066889632107,
        "support": 1167.0
    },
    "International": {
        "precision": 0.5223488168273445,
        "recall": 0.4970809007506255,
        "f1-score": 0.5094017094017094,
        "support": 1199.0
    },
    "accuracy": 0.514792899408284,
    "macro avg": {
        "precision": 0.5150519594340803,
        "recall": 0.5150357374361525,
        "f1-score": 0.5147342995169082,
        "support": 2366.0
    },
    "weighted avg": {
        "precision": 0.515150648967717,
        "recall": 0.514792899408284,
        "f1-score": 0.5146621765736764,
        "support": 2366.0
    },
    "time": 0.024350881576538086
}