{
    "In poverty": {
        "precision": 0.1889763779527559,
        "recall": 0.013136288998357963,
        "f1-score": 0.02456499488229273,
        "support": 1827.0
    },
    "Near poverty": {
        "precision": 0.19271948608137046,
        "recall": 0.30388294879009564,
        "f1-score": 0.2358593579384145,
        "support": 1777.0
    },
    "Lower-middle income": {
        "precision": 0.1879232505643341,
        "recall": 0.3865351131746953,
        "f1-score": 0.2528953863679514,
        "support": 1723.0
    },
    "Middle income": {
        "precision": 0.20277136258660508,
        "recall": 0.24774266365688488,
        "f1-score": 0.22301244602489204,
        "support": 1772.0
    },
    "Higher income": {
        "precision": 0.20689655172413793,
        "recall": 0.03,
        "f1-score": 0.05240174672489083,
        "support": 1800.0
    },
    "accuracy": 0.19361726036633328,
    "macro avg": {
        "precision": 0.1958574057818407,
        "recall": 0.19625940292400676,
        "f1-score": 0.1577467863876883,
        "support": 8899.0
    },
    "weighted avg": {
        "precision": 0.1958915358597079,
        "recall": 0.19361726036633328,
        "f1-score": 0.15611217820872053,
        "support": 8899.0
    },
    "time": 0.18858695030212402
}