{
    "0": {
        "precision": 0.28,
        "recall": 0.2153846153846154,
        "f1-score": 0.24347826086956523,
        "support": 65.0
    },
    "1": {
        "precision": 0.16417910447761194,
        "recall": 0.20754716981132076,
        "f1-score": 0.18333333333333332,
        "support": 53.0
    },
    "2": {
        "precision": 0.11290322580645161,
        "recall": 0.12962962962962962,
        "f1-score": 0.1206896551724138,
        "support": 54.0
    },
    "3": {
        "precision": 0.19148936170212766,
        "recall": 0.16666666666666666,
        "f1-score": 0.1782178217821782,
        "support": 54.0
    },
    "4": {
        "precision": 0.0967741935483871,
        "recall": 0.10909090909090909,
        "f1-score": 0.10256410256410256,
        "support": 55.0
    },
    "5": {
        "precision": 0.12307692307692308,
        "recall": 0.13793103448275862,
        "f1-score": 0.13008130081300814,
        "support": 58.0
    },
    "6": {
        "precision": 0.23809523809523808,
        "recall": 0.17857142857142858,
        "f1-score": 0.20408163265306123,
        "support": 56.0
    },
    "accuracy": 0.16455696202531644,
    "macro avg": {
        "precision": 0.17235972095810564,
        "recall": 0.16354592194818982,
        "f1-score": 0.16606372959823748,
        "support": 395.0
    },
    "weighted avg": {
        "precision": 0.17502042475881743,
        "recall": 0.16455696202531644,
        "f1-score": 0.16784321492528587,
        "support": 395.0
    },
    "time": 0.012460947036743164
}