{
    "0": {
        "precision": 0.12903225806451613,
        "recall": 0.12307692307692308,
        "f1-score": 0.12598425196850394,
        "support": 65.0
    },
    "1": {
        "precision": 0.07547169811320754,
        "recall": 0.07547169811320754,
        "f1-score": 0.07547169811320754,
        "support": 53.0
    },
    "2": {
        "precision": 0.05454545454545454,
        "recall": 0.05555555555555555,
        "f1-score": 0.05504587155963303,
        "support": 54.0
    },
    "3": {
        "precision": 0.11594202898550725,
        "recall": 0.14814814814814814,
        "f1-score": 0.13008130081300814,
        "support": 54.0
    },
    "4": {
        "precision": 0.1864406779661017,
        "recall": 0.2,
        "f1-score": 0.19298245614035087,
        "support": 55.0
    },
    "5": {
        "precision": 0.20454545454545456,
        "recall": 0.15517241379310345,
        "f1-score": 0.17647058823529413,
        "support": 58.0
    },
    "6": {
        "precision": 0.11320754716981132,
        "recall": 0.10714285714285714,
        "f1-score": 0.11009174311926606,
        "support": 56.0
    },
    "accuracy": 0.1240506329113924,
    "macro avg": {
        "precision": 0.125597874198579,
        "recall": 0.12350965654711354,
        "f1-score": 0.12373255856418054,
        "support": 395.0
    },
    "weighted avg": {
        "precision": 0.12671118272948578,
        "recall": 0.1240506329113924,
        "f1-score": 0.12455774811676108,
        "support": 395.0
    },
    "time": 0.018477916717529297
}