{
    "0": {
        "precision": 0.5322656617993405,
        "recall": 0.5315645874494308,
        "f1-score": 0.5319148936170213,
        "support": 10629.0
    },
    "1": {
        "precision": 0.2042749574933204,
        "recall": 0.20343492985002418,
        "f1-score": 0.2038540782935402,
        "support": 4134.0
    },
    "2": {
        "precision": 0.13706705969049374,
        "recall": 0.13870246085011187,
        "f1-score": 0.13787991104521868,
        "support": 2682.0
    },
    "3": {
        "precision": 0.0720658888126287,
        "recall": 0.07014028056112225,
        "f1-score": 0.07109004739336493,
        "support": 1497.0
    },
    "4": {
        "precision": 0.045146726862302484,
        "recall": 0.045662100456621,
        "f1-score": 0.04540295119182747,
        "support": 876.0
    },
    "5": {
        "precision": 0.0,
        "recall": 0.0,
        "f1-score": 0.0,
        "support": 125.0
    },
    "6": {
        "precision": 0.015384615384615385,
        "recall": 0.017543859649122806,
        "f1-score": 0.01639344262295082,
        "support": 57.0
    },
    "accuracy": 0.35045,
    "macro avg": {
        "precision": 0.1437435585775287,
        "recall": 0.1438640312594904,
        "f1-score": 0.14379076059484616,
        "support": 20000.0
    },
    "weighted avg": {
        "precision": 0.35089231694966433,
        "recall": 0.35045,
        "f1-score": 0.3506689648882753,
        "support": 20000.0
    },
    "time": 2.3571860790252686
}