{
    "Domestic": {
        "precision": 0.48775367389783064,
        "recall": 0.5972579263067695,
        "f1-score": 0.536979969183359,
        "support": 1167.0
    },
    "International": {
        "precision": 0.4983991462113127,
        "recall": 0.3894912427022519,
        "f1-score": 0.43726591760299627,
        "support": 1199.0
    },
    "accuracy": 0.4919695688926458,
    "macro avg": {
        "precision": 0.4930764100545717,
        "recall": 0.4933745845045107,
        "f1-score": 0.48712294339317763,
        "support": 2366.0
    },
    "weighted avg": {
        "precision": 0.49314839972364,
        "recall": 0.4919695688926458,
        "f1-score": 0.4864486302802081,
        "support": 2366.0
    },
    "time": 0.022557973861694336
}