{
    "0": {
        "precision": 0.5361842105263158,
        "recall": 0.5367391099821244,
        "f1-score": 0.5364615167614839,
        "support": 10629.0
    },
    "1": {
        "precision": 0.21411073003429693,
        "recall": 0.21141751330430575,
        "f1-score": 0.2127555988315482,
        "support": 4134.0
    },
    "2": {
        "precision": 0.13346080305927344,
        "recall": 0.13012677106636839,
        "f1-score": 0.13177270152916745,
        "support": 2682.0
    },
    "3": {
        "precision": 0.08317698561601,
        "recall": 0.08884435537742151,
        "f1-score": 0.08591731266149871,
        "support": 1497.0
    },
    "4": {
        "precision": 0.04513064133016627,
        "recall": 0.04337899543378995,
        "f1-score": 0.04423748544819558,
        "support": 876.0
    },
    "5": {
        "precision": 0.0,
        "recall": 0.0,
        "f1-score": 0.0,
        "support": 125.0
    },
    "6": {
        "precision": 0.0,
        "recall": 0.0,
        "f1-score": 0.0,
        "support": 57.0
    },
    "accuracy": 0.35495,
    "macro avg": {
        "precision": 0.1445804815094375,
        "recall": 0.14435810645200142,
        "f1-score": 0.1444492307474134,
        "support": 20000.0
    },
    "weighted avg": {
        "precision": 0.35531139973616793,
        "recall": 0.35495,
        "f1-score": 0.35511828735177714,
        "support": 20000.0
    },
    "time": 1.3632278442382812
}