{
    "0": {
        "precision": 0.2,
        "recall": 0.15384615384615385,
        "f1-score": 0.17391304347826086,
        "support": 65.0
    },
    "1": {
        "precision": 0.08333333333333333,
        "recall": 0.09433962264150944,
        "f1-score": 0.08849557522123894,
        "support": 53.0
    },
    "2": {
        "precision": 0.07692307692307693,
        "recall": 0.09259259259259259,
        "f1-score": 0.08403361344537816,
        "support": 54.0
    },
    "3": {
        "precision": 0.1320754716981132,
        "recall": 0.12962962962962962,
        "f1-score": 0.1308411214953271,
        "support": 54.0
    },
    "4": {
        "precision": 0.23529411764705882,
        "recall": 0.21818181818181817,
        "f1-score": 0.22641509433962265,
        "support": 55.0
    },
    "5": {
        "precision": 0.11320754716981132,
        "recall": 0.10344827586206896,
        "f1-score": 0.10810810810810811,
        "support": 58.0
    },
    "6": {
        "precision": 0.07936507936507936,
        "recall": 0.08928571428571429,
        "f1-score": 0.08403361344537816,
        "support": 56.0
    },
    "accuracy": 0.12658227848101267,
    "macro avg": {
        "precision": 0.13145694659092472,
        "recall": 0.12590340100564099,
        "f1-score": 0.12797716707618773,
        "support": 395.0
    },
    "weighted avg": {
        "precision": 0.1333018909951713,
        "recall": 0.12658227848101267,
        "f1-score": 0.1291818526873453,
        "support": 395.0
    },
    "time": 0.014587879180908203
}