{
    "0": {
        "precision": 0.33804238143289606,
        "recall": 0.324298160696999,
        "f1-score": 0.3310276679841897,
        "support": 1033.0
    },
    "1": {
        "precision": 0.32981783317353786,
        "recall": 0.35833333333333334,
        "f1-score": 0.3434847728407389,
        "support": 960.0
    },
    "2": {
        "precision": 0.35971943887775554,
        "recall": 0.3455245428296439,
        "f1-score": 0.35247913598429065,
        "support": 1039.0
    },
    "accuracy": 0.3423482849604222,
    "macro avg": {
        "precision": 0.34252655116139646,
        "recall": 0.3427186789533254,
        "f1-score": 0.3423305256030731,
        "support": 3032.0
    },
    "weighted avg": {
        "precision": 0.3428665556928648,
        "recall": 0.3423482849604222,
        "f1-score": 0.3423228183517333,
        "support": 3032.0
    },
    "time": 0.1313457489013672
}