{
    "0": {
        "precision": 0.5488111888111888,
        "recall": 0.5369947997445489,
        "f1-score": 0.5428386977773679,
        "support": 10961.0
    },
    "1": {
        "precision": 0.4078232971372162,
        "recall": 0.4113766492407269,
        "f1-score": 0.40959226669971494,
        "support": 8034.0
    },
    "2": {
        "precision": 0.05123825789923143,
        "recall": 0.05970149253731343,
        "f1-score": 0.05514705882352941,
        "support": 1005.0
    },
    "accuracy": 0.46255,
    "macro avg": {
        "precision": 0.3359575812825455,
        "recall": 0.3360243138408631,
        "f1-score": 0.33585934110020405,
        "support": 20000.0
    },
    "weighted avg": {
        "precision": 0.46717331294742814,
        "recall": 0.46255,
        "f1-score": 0.46480710155604427,
        "support": 20000.0
    },
    "time": 1.539153814315796
}