{
    "0": {
        "precision": 0.3284365162644281,
        "recall": 0.30300096805421106,
        "f1-score": 0.3152064451158107,
        "support": 1033.0
    },
    "1": {
        "precision": 0.3057199211045365,
        "recall": 0.3229166666666667,
        "f1-score": 0.3140830800405269,
        "support": 960.0
    },
    "2": {
        "precision": 0.3408450704225352,
        "recall": 0.34937439846005774,
        "f1-score": 0.3450570342205323,
        "support": 1039.0
    },
    "accuracy": 0.32519788918205805,
    "macro avg": {
        "precision": 0.32500050259716656,
        "recall": 0.3250973443936451,
        "f1-score": 0.3247821864589566,
        "support": 3032.0
    },
    "weighted avg": {
        "precision": 0.32549606653381374,
        "recall": 0.32519788918205805,
        "f1-score": 0.32507990540853277,
        "support": 3032.0
    },
    "time": 0.1607069969177246
}