{
    "Domestic": {
        "precision": 0.5103092783505154,
        "recall": 0.5938303341902313,
        "f1-score": 0.548910891089109,
        "support": 1167.0
    },
    "International": {
        "precision": 0.5297619047619048,
        "recall": 0.445371142618849,
        "f1-score": 0.4839148164929769,
        "support": 1199.0
    },
    "accuracy": 0.518596787827557,
    "macro avg": {
        "precision": 0.52003559155621,
        "recall": 0.5196007384045402,
        "f1-score": 0.516412853791043,
        "support": 2366.0
    },
    "weighted avg": {
        "precision": 0.5201671393256869,
        "recall": 0.518596787827557,
        "f1-score": 0.5159733198969018,
        "support": 2366.0
    },
    "time": 0.011999130249023438
}