{
    "0": {
        "precision": 0.12280701754385964,
        "recall": 0.1076923076923077,
        "f1-score": 0.11475409836065574,
        "support": 65.0
    },
    "1": {
        "precision": 0.125,
        "recall": 0.11320754716981132,
        "f1-score": 0.1188118811881188,
        "support": 53.0
    },
    "2": {
        "precision": 0.17543859649122806,
        "recall": 0.18518518518518517,
        "f1-score": 0.18018018018018017,
        "support": 54.0
    },
    "3": {
        "precision": 0.1232876712328767,
        "recall": 0.16666666666666666,
        "f1-score": 0.14173228346456693,
        "support": 54.0
    },
    "4": {
        "precision": 0.14,
        "recall": 0.12727272727272726,
        "f1-score": 0.13333333333333333,
        "support": 55.0
    },
    "5": {
        "precision": 0.07547169811320754,
        "recall": 0.06896551724137931,
        "f1-score": 0.07207207207207207,
        "support": 58.0
    },
    "6": {
        "precision": 0.10526315789473684,
        "recall": 0.10714285714285714,
        "f1-score": 0.10619469026548672,
        "support": 56.0
    },
    "accuracy": 0.1240506329113924,
    "macro avg": {
        "precision": 0.12389544875370126,
        "recall": 0.12516182976727636,
        "f1-score": 0.12386836269491626,
        "support": 395.0
    },
    "weighted avg": {
        "precision": 0.12331840488638944,
        "recall": 0.1240506329113924,
        "f1-score": 0.12303730456103808,
        "support": 395.0
    },
    "time": 0.014973163604736328
}