{
    "0": {
        "precision": 0.5269461077844312,
        "recall": 0.529871107347822,
        "f1-score": 0.5284045597410517,
        "support": 10629.0
    },
    "1": {
        "precision": 0.2004884004884005,
        "recall": 0.19859700048379295,
        "f1-score": 0.19953821849556447,
        "support": 4134.0
    },
    "2": {
        "precision": 0.13416009019165728,
        "recall": 0.1331096196868009,
        "f1-score": 0.13363279056709715,
        "support": 2682.0
    },
    "3": {
        "precision": 0.08377308707124011,
        "recall": 0.08483633934535738,
        "f1-score": 0.08430136076999668,
        "support": 1497.0
    },
    "4": {
        "precision": 0.0344418052256532,
        "recall": 0.033105022831050226,
        "f1-score": 0.033760186263096625,
        "support": 876.0
    },
    "5": {
        "precision": 0.013605442176870748,
        "recall": 0.016,
        "f1-score": 0.014705882352941176,
        "support": 125.0
    },
    "6": {
        "precision": 0.0,
        "recall": 0.0,
        "f1-score": 0.0,
        "support": 57.0
    },
    "accuracy": 0.3484,
    "macro avg": {
        "precision": 0.14191641899117902,
        "recall": 0.1422170128135462,
        "f1-score": 0.14204899974139254,
        "support": 20000.0
    },
    "weighted avg": {
        "precision": 0.34734133010746093,
        "recall": 0.34839999999999993,
        "f1-score": 0.34786587502912664,
        "support": 20000.0
    },
    "time": 1.0552771091461182
}