{
    "0": {
        "precision": 0.24074074074074073,
        "recall": 0.2,
        "f1-score": 0.2184873949579832,
        "support": 65.0
    },
    "1": {
        "precision": 0.09859154929577464,
        "recall": 0.1320754716981132,
        "f1-score": 0.11290322580645161,
        "support": 53.0
    },
    "2": {
        "precision": 0.2054794520547945,
        "recall": 0.2777777777777778,
        "f1-score": 0.23622047244094488,
        "support": 54.0
    },
    "3": {
        "precision": 0.18181818181818182,
        "recall": 0.18518518518518517,
        "f1-score": 0.1834862385321101,
        "support": 54.0
    },
    "4": {
        "precision": 0.1702127659574468,
        "recall": 0.14545454545454545,
        "f1-score": 0.1568627450980392,
        "support": 55.0
    },
    "5": {
        "precision": 0.14545454545454545,
        "recall": 0.13793103448275862,
        "f1-score": 0.1415929203539823,
        "support": 58.0
    },
    "6": {
        "precision": 0.2,
        "recall": 0.14285714285714285,
        "f1-score": 0.16666666666666666,
        "support": 56.0
    },
    "accuracy": 0.17468354430379746,
    "macro avg": {
        "precision": 0.17747103361735486,
        "recall": 0.17446873677936045,
        "f1-score": 0.17374566626516827,
        "support": 395.0
    },
    "weighted avg": {
        "precision": 0.17920414747845098,
        "recall": 0.17468354430379746,
        "f1-score": 0.17474148791598043,
        "support": 395.0
    },
    "time": 0.01400899887084961
}