{
    "0": {
        "precision": 0.549800435413643,
        "recall": 0.5529604963050817,
        "f1-score": 0.5513759381396407,
        "support": 10961.0
    },
    "1": {
        "precision": 0.40257608283874224,
        "recall": 0.3968135424446104,
        "f1-score": 0.3996740424998433,
        "support": 8034.0
    },
    "2": {
        "precision": 0.048249763481551564,
        "recall": 0.050746268656716415,
        "f1-score": 0.049466537342386034,
        "support": 1005.0
    },
    "accuracy": 0.465,
    "macro avg": {
        "precision": 0.3335420939113123,
        "recall": 0.33350676913546956,
        "f1-score": 0.3335055059939567,
        "support": 20000.0
    },
    "weighted avg": {
        "precision": 0.46545749171971773,
        "recall": 0.465,
        "f1-score": 0.46521633927107203,
        "support": 20000.0
    },
    "time": 2.252520799636841
}