{
    "0": {
        "precision": 0.3411534701857282,
        "recall": 0.3378509196515005,
        "f1-score": 0.33949416342412453,
        "support": 1033.0
    },
    "1": {
        "precision": 0.3174442190669371,
        "recall": 0.3260416666666667,
        "f1-score": 0.32168550873586843,
        "support": 960.0
    },
    "2": {
        "precision": 0.3479960899315738,
        "recall": 0.3426371511068335,
        "f1-score": 0.3452958292919496,
        "support": 1039.0
    },
    "accuracy": 0.33575197889182057,
    "macro avg": {
        "precision": 0.3355312597280797,
        "recall": 0.3355099124750002,
        "f1-score": 0.33549183381731423,
        "support": 3032.0
    },
    "weighted avg": {
        "precision": 0.33599139922329224,
        "recall": 0.33575197889182057,
        "f1-score": 0.3358436430863753,
        "support": 3032.0
    },
    "time": 0.15936589241027832
}