{
    "0": {
        "precision": 0.3380855397148676,
        "recall": 0.3213939980638916,
        "f1-score": 0.32952853598014886,
        "support": 1033.0
    },
    "1": {
        "precision": 0.31334622823984526,
        "recall": 0.3375,
        "f1-score": 0.324974924774323,
        "support": 960.0
    },
    "2": {
        "precision": 0.36023622047244097,
        "recall": 0.35226179018286813,
        "f1-score": 0.3562043795620438,
        "support": 1039.0
    },
    "accuracy": 0.3370712401055409,
    "macro avg": {
        "precision": 0.3372226628090513,
        "recall": 0.33705192941558654,
        "f1-score": 0.3369026134388386,
        "support": 3032.0
    },
    "weighted avg": {
        "precision": 0.33784306553646964,
        "recall": 0.3370712401055409,
        "f1-score": 0.33722798674663834,
        "support": 3032.0
    },
    "time": 0.16072916984558105
}