{
    "0": {
        "precision": 0.13432835820895522,
        "recall": 0.13846153846153847,
        "f1-score": 0.13636363636363635,
        "support": 65.0
    },
    "1": {
        "precision": 0.13793103448275862,
        "recall": 0.1509433962264151,
        "f1-score": 0.14414414414414414,
        "support": 53.0
    },
    "2": {
        "precision": 0.2222222222222222,
        "recall": 0.2222222222222222,
        "f1-score": 0.2222222222222222,
        "support": 54.0
    },
    "3": {
        "precision": 0.1509433962264151,
        "recall": 0.14814814814814814,
        "f1-score": 0.14953271028037382,
        "support": 54.0
    },
    "4": {
        "precision": 0.13043478260869565,
        "recall": 0.10909090909090909,
        "f1-score": 0.1188118811881188,
        "support": 55.0
    },
    "5": {
        "precision": 0.09259259259259259,
        "recall": 0.08620689655172414,
        "f1-score": 0.08928571428571429,
        "support": 58.0
    },
    "6": {
        "precision": 0.15873015873015872,
        "recall": 0.17857142857142858,
        "f1-score": 0.16806722689075632,
        "support": 56.0
    },
    "accuracy": 0.1468354430379747,
    "macro avg": {
        "precision": 0.14674036358168546,
        "recall": 0.14766350561034083,
        "f1-score": 0.14691821933928084,
        "support": 395.0
    },
    "weighted avg": {
        "precision": 0.14588811091172715,
        "recall": 0.1468354430379747,
        "f1-score": 0.14608362521067472,
        "support": 395.0
    },
    "time": 0.016120195388793945
}