{
    "0": {
        "precision": 0.5236888282316241,
        "recall": 0.5054097281023615,
        "f1-score": 0.5143869392445062,
        "support": 10629.0
    },
    "1": {
        "precision": 0.20392156862745098,
        "recall": 0.2138364779874214,
        "f1-score": 0.20876136497815562,
        "support": 4134.0
    },
    "2": {
        "precision": 0.12268847795163584,
        "recall": 0.12863534675615212,
        "f1-score": 0.12559155442300693,
        "support": 2682.0
    },
    "3": {
        "precision": 0.07603092783505154,
        "recall": 0.0788243152972612,
        "f1-score": 0.07740242702525418,
        "support": 1497.0
    },
    "4": {
        "precision": 0.0399529964747356,
        "recall": 0.03881278538812785,
        "f1-score": 0.03937463810075275,
        "support": 876.0
    },
    "5": {
        "precision": 0.007246376811594203,
        "recall": 0.008,
        "f1-score": 0.0076045627376425855,
        "support": 125.0
    },
    "6": {
        "precision": 0.0,
        "recall": 0.0,
        "f1-score": 0.0,
        "support": 57.0
    },
    "accuracy": 0.3377,
    "macro avg": {
        "precision": 0.13907559656172747,
        "recall": 0.13907409336161772,
        "f1-score": 0.1390173552156169,
        "support": 20000.0
    },
    "weighted avg": {
        "precision": 0.34440368694142465,
        "recall": 0.33770000000000006,
        "f1-score": 0.34092944977936634,
        "support": 20000.0
    },
    "time": 1.7002301216125488
}