{
    "Domestic": {
        "precision": 0.49045424621461486,
        "recall": 0.6383890317052271,
        "f1-score": 0.5547282204020849,
        "support": 1167.0
    },
    "International": {
        "precision": 0.5017709563164109,
        "recall": 0.35446205170975814,
        "f1-score": 0.41544477028348,
        "support": 1199.0
    },
    "accuracy": 0.4945054945054945,
    "macro avg": {
        "precision": 0.4961126012655129,
        "recall": 0.49642554170749265,
        "f1-score": 0.4850864953427825,
        "support": 2366.0
    },
    "weighted avg": {
        "precision": 0.49618913015884714,
        "recall": 0.4945054945054945,
        "f1-score": 0.4841445954265112,
        "support": 2366.0
    },
    "time": 0.014271020889282227
}