{
    "Female": {
        "precision": 0.3278084714548803,
        "recall": 0.17231364956437561,
        "f1-score": 0.22588832487309646,
        "support": 1033.0
    },
    "Male": {
        "precision": 0.30994152046783624,
        "recall": 0.496875,
        "f1-score": 0.3817527010804322,
        "support": 960.0
    },
    "Nonbinary": {
        "precision": 0.32842105263157895,
        "recall": 0.30028873917228105,
        "f1-score": 0.3137254901960784,
        "support": 1039.0
    },
    "accuracy": 0.31893139841688656,
    "macro avg": {
        "precision": 0.32205701485143184,
        "recall": 0.32315912957888554,
        "f1-score": 0.307122172049869,
        "support": 3032.0
    },
    "weighted avg": {
        "precision": 0.322361307502053,
        "recall": 0.31893139841688656,
        "f1-score": 0.3053383960899898,
        "support": 3032.0
    },
    "time": 0.03802084922790527
}