{
    "0": {
        "precision": 0.48776508972267535,
        "recall": 0.5124250214224507,
        "f1-score": 0.4997910572503134,
        "support": 1167.0
    },
    "1": {
        "precision": 0.5008771929824561,
        "recall": 0.4762301918265221,
        "f1-score": 0.4882428388200086,
        "support": 1199.0
    },
    "accuracy": 0.4940828402366864,
    "macro avg": {
        "precision": 0.4943211413525658,
        "recall": 0.4943276066244864,
        "f1-score": 0.494016948035161,
        "support": 2366.0
    },
    "weighted avg": {
        "precision": 0.49440981153521857,
        "recall": 0.4940828402366864,
        "f1-score": 0.4939388535740938,
        "support": 2366.0
    },
    "time": 0.17105698585510254
}