{
    "0": {
        "precision": 0.9416867469879519,
        "recall": 0.9335385922072407,
        "f1-score": 0.9375949670780795,
        "support": 18838.0
    },
    "1": {
        "precision": 0.05509433962264151,
        "recall": 0.06282271944922548,
        "f1-score": 0.058705267390430235,
        "support": 1162.0
    },
    "accuracy": 0.88295,
    "macro avg": {
        "precision": 0.4983905433052967,
        "recall": 0.49818065582823307,
        "f1-score": 0.4981501172342549,
        "support": 20000.0
    },
    "weighted avg": {
        "precision": 0.8901757281200273,
        "recall": 0.88295,
        "f1-score": 0.886531475526227,
        "support": 20000.0
    },
    "time": 1.5059521198272705
}