{
    "0": {
        "precision": 0.49514563106796117,
        "recall": 0.5244215938303342,
        "f1-score": 0.5093632958801498,
        "support": 1167.0
    },
    "1": {
        "precision": 0.5088495575221239,
        "recall": 0.47956630525437866,
        "f1-score": 0.49377415199656505,
        "support": 1199.0
    },
    "accuracy": 0.5016906170752324,
    "macro avg": {
        "precision": 0.5019975942950425,
        "recall": 0.5019939495423564,
        "f1-score": 0.5015687239383575,
        "support": 2366.0
    },
    "weighted avg": {
        "precision": 0.5020902666632872,
        "recall": 0.5016906170752324,
        "f1-score": 0.5014633028470061,
        "support": 2366.0
    },
    "time": 0.12605595588684082
}