{
    "0": {
        "precision": 0.5460162906094935,
        "recall": 0.5320682419487273,
        "f1-score": 0.5389520377044635,
        "support": 10961.0
    },
    "1": {
        "precision": 0.3988984088127295,
        "recall": 0.4056509833208862,
        "f1-score": 0.4022463589237225,
        "support": 8034.0
    },
    "2": {
        "precision": 0.05134899912967798,
        "recall": 0.05870646766169154,
        "f1-score": 0.05478180129990715,
        "support": 1005.0
    },
    "accuracy": 0.4575,
    "macro avg": {
        "precision": 0.33208789951730033,
        "recall": 0.33214189764376834,
        "f1-score": 0.3319933993093644,
        "support": 20000.0
    },
    "weighted avg": {
        "precision": 0.4620620060948727,
        "recall": 0.4575,
        "f1-score": 0.45970781215891104,
        "support": 20000.0
    },
    "time": 1.5017778873443604
}