{
    "0": {
        "precision": 0.5361638173962051,
        "recall": 0.5370213566657258,
        "f1-score": 0.5365922444183314,
        "support": 10629.0
    },
    "1": {
        "precision": 0.20460671404067632,
        "recall": 0.2019835510401548,
        "f1-score": 0.20328667072428486,
        "support": 4134.0
    },
    "2": {
        "precision": 0.12514220705346984,
        "recall": 0.12304250559284116,
        "f1-score": 0.12408347433728144,
        "support": 2682.0
    },
    "3": {
        "precision": 0.07174603174603175,
        "recall": 0.07548430193720775,
        "f1-score": 0.07356770833333333,
        "support": 1497.0
    },
    "4": {
        "precision": 0.0489749430523918,
        "recall": 0.04908675799086758,
        "f1-score": 0.04903078677309008,
        "support": 876.0
    },
    "5": {
        "precision": 0.007352941176470588,
        "recall": 0.008,
        "f1-score": 0.007662835249042145,
        "support": 125.0
    },
    "6": {
        "precision": 0.02127659574468085,
        "recall": 0.017543859649122806,
        "f1-score": 0.019230769230769232,
        "support": 57.0
    },
    "accuracy": 0.35155,
    "macro avg": {
        "precision": 0.1450376071728466,
        "recall": 0.14459461898227427,
        "f1-score": 0.1447792127237332,
        "support": 20000.0
    },
    "weighted avg": {
        "precision": 0.3516399256754018,
        "recall": 0.35155,
        "f1-score": 0.3515876888854869,
        "support": 20000.0
    },
    "time": 1.1357769966125488
}