{
    "0": {
        "precision": 0.13636363636363635,
        "recall": 0.09230769230769231,
        "f1-score": 0.11009174311926606,
        "support": 65.0
    },
    "1": {
        "precision": 0.08333333333333333,
        "recall": 0.11320754716981132,
        "f1-score": 0.096,
        "support": 53.0
    },
    "2": {
        "precision": 0.08620689655172414,
        "recall": 0.09259259259259259,
        "f1-score": 0.08928571428571429,
        "support": 54.0
    },
    "3": {
        "precision": 0.1206896551724138,
        "recall": 0.12962962962962962,
        "f1-score": 0.125,
        "support": 54.0
    },
    "4": {
        "precision": 0.14583333333333334,
        "recall": 0.12727272727272726,
        "f1-score": 0.13592233009708737,
        "support": 55.0
    },
    "5": {
        "precision": 0.14814814814814814,
        "recall": 0.13793103448275862,
        "f1-score": 0.14285714285714285,
        "support": 58.0
    },
    "6": {
        "precision": 0.18032786885245902,
        "recall": 0.19642857142857142,
        "f1-score": 0.18803418803418803,
        "support": 56.0
    },
    "accuracy": 0.12658227848101267,
    "macro avg": {
        "precision": 0.12870041025072115,
        "recall": 0.12705282784054045,
        "f1-score": 0.12674158834191407,
        "support": 395.0
    },
    "weighted avg": {
        "precision": 0.1295303883672661,
        "recall": 0.12658227848101267,
        "f1-score": 0.12685252872189745,
        "support": 395.0
    },
    "time": 0.015043020248413086
}