{
    "0": {
        "precision": 0.2153846153846154,
        "recall": 0.2153846153846154,
        "f1-score": 0.2153846153846154,
        "support": 65.0
    },
    "1": {
        "precision": 0.1320754716981132,
        "recall": 0.1320754716981132,
        "f1-score": 0.1320754716981132,
        "support": 53.0
    },
    "2": {
        "precision": 0.11627906976744186,
        "recall": 0.09259259259259259,
        "f1-score": 0.10309278350515463,
        "support": 54.0
    },
    "3": {
        "precision": 0.09375,
        "recall": 0.1111111111111111,
        "f1-score": 0.1016949152542373,
        "support": 54.0
    },
    "4": {
        "precision": 0.11290322580645161,
        "recall": 0.12727272727272726,
        "f1-score": 0.11965811965811966,
        "support": 55.0
    },
    "5": {
        "precision": 0.1568627450980392,
        "recall": 0.13793103448275862,
        "f1-score": 0.14678899082568808,
        "support": 58.0
    },
    "6": {
        "precision": 0.17543859649122806,
        "recall": 0.17857142857142858,
        "f1-score": 0.17699115044247787,
        "support": 56.0
    },
    "accuracy": 0.14430379746835442,
    "macro avg": {
        "precision": 0.1432419606065556,
        "recall": 0.14213414015904952,
        "f1-score": 0.142240863824058,
        "support": 395.0
    },
    "weighted avg": {
        "precision": 0.1455034121670677,
        "recall": 0.14430379746835442,
        "f1-score": 0.14446834989081625,
        "support": 395.0
    },
    "time": 0.020827770233154297
}