{
    "Domestic": {
        "precision": 0.5032304379038047,
        "recall": 0.6006855184233076,
        "f1-score": 0.54765625,
        "support": 1167.0
    },
    "International": {
        "precision": 0.5210688591983555,
        "recall": 0.42285237698081735,
        "f1-score": 0.46685082872928174,
        "support": 1199.0
    },
    "accuracy": 0.5105663567202029,
    "macro avg": {
        "precision": 0.5121496485510801,
        "recall": 0.5117689477020625,
        "f1-score": 0.5072535393646409,
        "support": 2366.0
    },
    "weighted avg": {
        "precision": 0.5122702803096232,
        "recall": 0.5105663567202029,
        "f1-score": 0.5067070952647543,
        "support": 2366.0
    },
    "time": 0.021422147750854492
}