{
    "0": {
        "precision": 0.20490367775831875,
        "recall": 0.1921182266009852,
        "f1-score": 0.19830508474576272,
        "support": 1827.0
    },
    "1": {
        "precision": 0.19812362030905079,
        "recall": 0.2020258863252673,
        "f1-score": 0.2000557258289217,
        "support": 1777.0
    },
    "2": {
        "precision": 0.1839275608375778,
        "recall": 0.1886244921648288,
        "f1-score": 0.18624641833810887,
        "support": 1723.0
    },
    "3": {
        "precision": 0.2002200220022002,
        "recall": 0.2054176072234763,
        "f1-score": 0.20278551532033426,
        "support": 1772.0
    },
    "4": {
        "precision": 0.20570150922302963,
        "recall": 0.20444444444444446,
        "f1-score": 0.20507105043187518,
        "support": 1800.0
    },
    "accuracy": 0.19856163613889202,
    "macro avg": {
        "precision": 0.19857527802603545,
        "recall": 0.1985261313518004,
        "f1-score": 0.19849275893300056,
        "support": 8899.0
    },
    "weighted avg": {
        "precision": 0.1987172126605383,
        "recall": 0.19856163613889202,
        "f1-score": 0.19858060651197568,
        "support": 8899.0
    },
    "time": 0.7071318626403809
}