{
    "0": {
        "precision": 0.5329198473282443,
        "recall": 0.5254492426380657,
        "f1-score": 0.5291581789757923,
        "support": 10629.0
    },
    "1": {
        "precision": 0.20378806041716616,
        "recall": 0.20561199806482824,
        "f1-score": 0.20469596628537026,
        "support": 4134.0
    },
    "2": {
        "precision": 0.1454478164322724,
        "recall": 0.1465324384787472,
        "f1-score": 0.1459881129271917,
        "support": 2682.0
    },
    "3": {
        "precision": 0.07662588538312942,
        "recall": 0.07949231796927188,
        "f1-score": 0.0780327868852459,
        "support": 1497.0
    },
    "4": {
        "precision": 0.040183696900114814,
        "recall": 0.03995433789954338,
        "f1-score": 0.04006868918145392,
        "support": 876.0
    },
    "5": {
        "precision": 0.006097560975609756,
        "recall": 0.008,
        "f1-score": 0.006920415224913495,
        "support": 125.0
    },
    "6": {
        "precision": 0.0,
        "recall": 0.0,
        "f1-score": 0.0,
        "support": 57.0
    },
    "accuracy": 0.34915,
    "macro avg": {
        "precision": 0.14358040963379096,
        "recall": 0.14357719072149377,
        "f1-score": 0.1435520213542811,
        "support": 20000.0
    },
    "weighted avg": {
        "precision": 0.35238140033564125,
        "recall": 0.34915,
        "f1-score": 0.3507477916710713,
        "support": 20000.0
    },
    "time": 1.3361999988555908
}