{
    "0": {
        "precision": 0.18,
        "recall": 0.13846153846153847,
        "f1-score": 0.1565217391304348,
        "support": 65.0
    },
    "1": {
        "precision": 0.1694915254237288,
        "recall": 0.18867924528301888,
        "f1-score": 0.17857142857142858,
        "support": 53.0
    },
    "2": {
        "precision": 0.1111111111111111,
        "recall": 0.14814814814814814,
        "f1-score": 0.12698412698412698,
        "support": 54.0
    },
    "3": {
        "precision": 0.1320754716981132,
        "recall": 0.12962962962962962,
        "f1-score": 0.1308411214953271,
        "support": 54.0
    },
    "4": {
        "precision": 0.2391304347826087,
        "recall": 0.2,
        "f1-score": 0.21782178217821782,
        "support": 55.0
    },
    "5": {
        "precision": 0.1,
        "recall": 0.10344827586206896,
        "f1-score": 0.1016949152542373,
        "support": 58.0
    },
    "6": {
        "precision": 0.16363636363636364,
        "recall": 0.16071428571428573,
        "f1-score": 0.16216216216216217,
        "support": 56.0
    },
    "accuracy": 0.1518987341772152,
    "macro avg": {
        "precision": 0.15649212952170363,
        "recall": 0.15272587472838425,
        "f1-score": 0.15351389653941924,
        "support": 395.0
    },
    "weighted avg": {
        "precision": 0.15678718125527996,
        "recall": 0.1518987341772152,
        "f1-score": 0.15321606673742613,
        "support": 395.0
    },
    "time": 0.02846217155456543
}