{
    "0": {
        "precision": 0.12244897959183673,
        "recall": 0.09230769230769231,
        "f1-score": 0.10526315789473684,
        "support": 65.0
    },
    "1": {
        "precision": 0.11538461538461539,
        "recall": 0.11320754716981132,
        "f1-score": 0.11428571428571428,
        "support": 53.0
    },
    "2": {
        "precision": 0.1791044776119403,
        "recall": 0.2222222222222222,
        "f1-score": 0.19834710743801653,
        "support": 54.0
    },
    "3": {
        "precision": 0.14814814814814814,
        "recall": 0.14814814814814814,
        "f1-score": 0.14814814814814814,
        "support": 54.0
    },
    "4": {
        "precision": 0.13793103448275862,
        "recall": 0.14545454545454545,
        "f1-score": 0.1415929203539823,
        "support": 55.0
    },
    "5": {
        "precision": 0.13333333333333333,
        "recall": 0.13793103448275862,
        "f1-score": 0.13559322033898305,
        "support": 58.0
    },
    "6": {
        "precision": 0.18181818181818182,
        "recall": 0.17857142857142858,
        "f1-score": 0.18018018018018017,
        "support": 56.0
    },
    "accuracy": 0.1468354430379747,
    "macro avg": {
        "precision": 0.14545268148154492,
        "recall": 0.14826323119380097,
        "f1-score": 0.14620149266282303,
        "support": 395.0
    },
    "weighted avg": {
        "precision": 0.14493055314329625,
        "recall": 0.1468354430379747,
        "f1-score": 0.14519518838271844,
        "support": 395.0
    },
    "time": 0.02472686767578125
}