{
    "Female": {
        "precision": 0.32822362488728585,
        "recall": 0.35237173281703776,
        "f1-score": 0.33986928104575165,
        "support": 1033.0
    },
    "Male": {
        "precision": 0.2974481658692185,
        "recall": 0.3885416666666667,
        "f1-score": 0.3369467028003613,
        "support": 960.0
    },
    "Nonbinary": {
        "precision": 0.3721973094170404,
        "recall": 0.23965351299326276,
        "f1-score": 0.29156908665105385,
        "support": 1039.0
    },
    "accuracy": 0.32519788918205805,
    "macro avg": {
        "precision": 0.33262303339118154,
        "recall": 0.32685563749232244,
        "f1-score": 0.3227950234990556,
        "support": 3032.0
    },
    "weighted avg": {
        "precision": 0.33354823490347,
        "recall": 0.32519788918205805,
        "f1-score": 0.32239250759863236,
        "support": 3032.0
    },
    "time": 0.031093120574951172
}