{
    "Female": {
        "precision": 0.3617391304347826,
        "recall": 0.20135527589545016,
        "f1-score": 0.25870646766169153,
        "support": 1033.0
    },
    "Male": {
        "precision": 0.3185088293001962,
        "recall": 0.5072916666666667,
        "f1-score": 0.3913218159903576,
        "support": 960.0
    },
    "Nonbinary": {
        "precision": 0.3566810344827586,
        "recall": 0.31857555341674687,
        "f1-score": 0.3365531265887138,
        "support": 1039.0
    },
    "accuracy": 0.33839050131926124,
    "macro avg": {
        "precision": 0.3456429980725792,
        "recall": 0.3424074986596213,
        "f1-score": 0.32886047008025426,
        "support": 3032.0
    },
    "weighted avg": {
        "precision": 0.34631813743235657,
        "recall": 0.33839050131926124,
        "f1-score": 0.327371841349256,
        "support": 3032.0
    },
    "time": 0.04372215270996094
}