{
    "0": {
        "precision": 0.5481033534909291,
        "recall": 0.5457531247148982,
        "f1-score": 0.5469257142857142,
        "support": 10961.0
    },
    "1": {
        "precision": 0.4062850729517396,
        "recall": 0.4055265123226288,
        "f1-score": 0.40590543823584374,
        "support": 8034.0
    },
    "2": {
        "precision": 0.05248359887535145,
        "recall": 0.05572139303482587,
        "f1-score": 0.05405405405405406,
        "support": 1005.0
    },
    "accuracy": 0.4648,
    "macro avg": {
        "precision": 0.33562400843934004,
        "recall": 0.33566701002411764,
        "f1-score": 0.33562840219187073,
        "support": 20000.0
    },
    "weighted avg": {
        "precision": 0.46623005752890395,
        "recall": 0.4648,
        "f1-score": 0.4655110684698404,
        "support": 20000.0
    },
    "time": 1.3619987964630127
}