{
    "0": {
        "precision": 0.35034347399411186,
        "recall": 0.345595353339787,
        "f1-score": 0.347953216374269,
        "support": 1033.0
    },
    "1": {
        "precision": 0.32082922013820336,
        "recall": 0.3385416666666667,
        "f1-score": 0.3294475418144957,
        "support": 960.0
    },
    "2": {
        "precision": 0.352,
        "recall": 0.3387872954764196,
        "f1-score": 0.34526728788621874,
        "support": 1039.0
    },
    "accuracy": 0.34102902374670185,
    "macro avg": {
        "precision": 0.3410575647107718,
        "recall": 0.3409747718276244,
        "f1-score": 0.3408893486916611,
        "support": 3032.0
    },
    "weighted avg": {
        "precision": 0.34156624669148833,
        "recall": 0.34102902374670185,
        "f1-score": 0.34117349101923383,
        "support": 3032.0
    },
    "time": 0.16094207763671875
}