{
    "0": {
        "precision": 0.1884931506849315,
        "recall": 0.18828680897646416,
        "f1-score": 0.18838992332968238,
        "support": 1827.0
    },
    "1": {
        "precision": 0.19684151156232374,
        "recall": 0.1963984243106359,
        "f1-score": 0.19661971830985916,
        "support": 1777.0
    },
    "2": {
        "precision": 0.2029988465974625,
        "recall": 0.20429483459082995,
        "f1-score": 0.20364477870986405,
        "support": 1723.0
    },
    "3": {
        "precision": 0.20088057237204182,
        "recall": 0.20598194130925507,
        "f1-score": 0.20339927556422402,
        "support": 1772.0
    },
    "4": {
        "precision": 0.20057142857142857,
        "recall": 0.195,
        "f1-score": 0.19774647887323943,
        "support": 1800.0
    },
    "accuracy": 0.19788740307899763,
    "macro avg": {
        "precision": 0.1979571019576376,
        "recall": 0.197992401837437,
        "f1-score": 0.1979600349573738,
        "support": 8899.0
    },
    "weighted avg": {
        "precision": 0.19787844821967374,
        "recall": 0.19788740307899763,
        "f1-score": 0.1978681606190225,
        "support": 8899.0
    },
    "time": 0.5532588958740234
}