{
    "0": {
        "precision": 0.20459712048497095,
        "recall": 0.20351758793969849,
        "f1-score": 0.20405592643909812,
        "support": 3980.0
    },
    "1": {
        "precision": 0.18841364374661612,
        "recall": 0.18364116094986807,
        "f1-score": 0.18599679315873865,
        "support": 3790.0
    },
    "2": {
        "precision": 0.13749183540169824,
        "recall": 0.1472027972027972,
        "f1-score": 0.14218169537318473,
        "support": 2860.0
    },
    "3": {
        "precision": 0.37662163969506485,
        "recall": 0.3745677041766427,
        "f1-score": 0.37559186395465155,
        "support": 7518.0
    },
    "4": {
        "precision": 0.0868362831858407,
        "recall": 0.0847732181425486,
        "f1-score": 0.08579234972677596,
        "support": 1852.0
    },
    "accuracy": 0.245,
    "macro avg": {
        "precision": 0.19879210450283816,
        "recall": 0.198740493682311,
        "f1-score": 0.1987237257304898,
        "support": 20000.0
    },
    "weighted avg": {
        "precision": 0.24569365911331953,
        "recall": 0.245,
        "f1-score": 0.24531485734857988,
        "support": 20000.0
    },
    "time": 1.2626779079437256
}