{
    "0": {
        "precision": 0.22897196261682243,
        "recall": 0.21455938697318008,
        "f1-score": 0.22153150607516248,
        "support": 1827.0
    },
    "1": {
        "precision": 0.20949720670391062,
        "recall": 0.21102982554867755,
        "f1-score": 0.21026072329688814,
        "support": 1777.0
    },
    "2": {
        "precision": 0.20142700329308452,
        "recall": 0.2130005803830528,
        "f1-score": 0.2070521861777151,
        "support": 1723.0
    },
    "3": {
        "precision": 0.20712328767123286,
        "recall": 0.21331828442437922,
        "f1-score": 0.21017514595496248,
        "support": 1772.0
    },
    "4": {
        "precision": 0.2062857142857143,
        "recall": 0.20055555555555554,
        "f1-score": 0.20338028169014086,
        "support": 1800.0
    },
    "accuracy": 0.21047308686369254,
    "macro avg": {
        "precision": 0.21066103491415297,
        "recall": 0.21049272657696907,
        "f1-score": 0.21047996863897378,
        "support": 8899.0
    },
    "weighted avg": {
        "precision": 0.21081062930166072,
        "recall": 0.21047308686369254,
        "f1-score": 0.21054468472373775,
        "support": 8899.0
    },
    "time": 0.6563401222229004
}