{
    "In poverty": {
        "precision": 0.23261032161555723,
        "recall": 0.17022441160372195,
        "f1-score": 0.1965865992414665,
        "support": 1827.0
    },
    "Near poverty": {
        "precision": 0.2007168458781362,
        "recall": 0.22059651097355093,
        "f1-score": 0.21018766756032173,
        "support": 1777.0
    },
    "Lower-middle income": {
        "precision": 0.1917237272997916,
        "recall": 0.3737666860127684,
        "f1-score": 0.2534435261707989,
        "support": 1723.0
    },
    "Middle income": {
        "precision": 0.1838161838161838,
        "recall": 0.1038374717832957,
        "f1-score": 0.13270825820411108,
        "support": 1772.0
    },
    "Higher income": {
        "precision": 0.1977582065652522,
        "recall": 0.13722222222222222,
        "f1-score": 0.1620203345359134,
        "support": 1800.0
    },
    "accuracy": 0.1997977300820317,
    "macro avg": {
        "precision": 0.20132505703498418,
        "recall": 0.20112946051911185,
        "f1-score": 0.19098927714252234,
        "support": 8899.0
    },
    "weighted avg": {
        "precision": 0.20155971731591685,
        "recall": 0.1997977300820317,
        "f1-score": 0.19059962168372474,
        "support": 8899.0
    },
    "time": 0.17113590240478516
}