{
    "0": {
        "precision": 0.3322615219721329,
        "recall": 0.30009680542110356,
        "f1-score": 0.31536113936927773,
        "support": 1033.0
    },
    "1": {
        "precision": 0.3080660835762877,
        "recall": 0.3302083333333333,
        "f1-score": 0.318753142282554,
        "support": 960.0
    },
    "2": {
        "precision": 0.3355140186915888,
        "recall": 0.3455245428296439,
        "f1-score": 0.3404457088667615,
        "support": 1039.0
    },
    "accuracy": 0.32519788918205805,
    "macro avg": {
        "precision": 0.32528054141333645,
        "recall": 0.32527656052802695,
        "f1-score": 0.3248533301728644,
        "support": 3032.0
    },
    "weighted avg": {
        "precision": 0.32571525654716693,
        "recall": 0.32519788918205805,
        "f1-score": 0.3250310570818869,
        "support": 3032.0
    },
    "time": 0.25580596923828125
}