{
    "0": {
        "precision": 0.5514932126696832,
        "recall": 0.5559711705136393,
        "f1-score": 0.5537231384307846,
        "support": 10961.0
    },
    "1": {
        "precision": 0.4058673469387755,
        "recall": 0.39606671645506597,
        "f1-score": 0.4009071437570871,
        "support": 8034.0
    },
    "2": {
        "precision": 0.05945945945945946,
        "recall": 0.06567164179104477,
        "f1-score": 0.062411347517730496,
        "support": 1005.0
    },
    "accuracy": 0.4671,
    "macro avg": {
        "precision": 0.3389400063559727,
        "recall": 0.3392365095865833,
        "f1-score": 0.33901387656853404,
        "support": 20000.0
    },
    "weighted avg": {
        "precision": 0.46827060630676387,
        "recall": 0.4671,
        "f1-score": 0.46764853587697935,
        "support": 20000.0
    },
    "time": 1.246006727218628
}