{
    "0": {
        "precision": 0.35841170323928945,
        "recall": 0.33204259438528555,
        "f1-score": 0.34472361809045227,
        "support": 1033.0
    },
    "1": {
        "precision": 0.33240740740740743,
        "recall": 0.37395833333333334,
        "f1-score": 0.3519607843137255,
        "support": 960.0
    },
    "2": {
        "precision": 0.33969849246231154,
        "recall": 0.3253128007699711,
        "f1-score": 0.33235004916420846,
        "support": 1039.0
    },
    "accuracy": 0.34300791556728233,
    "macro avg": {
        "precision": 0.3435058677030028,
        "recall": 0.34377124282953003,
        "f1-score": 0.34301148385612873,
        "support": 3032.0
    },
    "weighted avg": {
        "precision": 0.34376554558893097,
        "recall": 0.34300791556728233,
        "f1-score": 0.3427749180442699,
        "support": 3032.0
    },
    "time": 0.11964201927185059
}