{
    "0": {
        "precision": 0.19156024430871738,
        "recall": 0.18883415435139572,
        "f1-score": 0.19018743109151048,
        "support": 1827.0
    },
    "1": {
        "precision": 0.2058660763696735,
        "recall": 0.20934158694428812,
        "f1-score": 0.20758928571428573,
        "support": 1777.0
    },
    "2": {
        "precision": 0.19844590555887626,
        "recall": 0.1926871735345328,
        "f1-score": 0.1955241460541814,
        "support": 1723.0
    },
    "3": {
        "precision": 0.19306930693069307,
        "recall": 0.19808126410835214,
        "f1-score": 0.1955431754874652,
        "support": 1772.0
    },
    "4": {
        "precision": 0.19055555555555556,
        "recall": 0.19055555555555556,
        "f1-score": 0.19055555555555556,
        "support": 1800.0
    },
    "accuracy": 0.19586470389931454,
    "macro avg": {
        "precision": 0.19589941774470315,
        "recall": 0.1958999468988249,
        "f1-score": 0.19587991878059968,
        "support": 8899.0
    },
    "weighted avg": {
        "precision": 0.19584736388583754,
        "recall": 0.19586470389931454,
        "f1-score": 0.19583652184892889,
        "support": 8899.0
    },
    "time": 0.5355472564697266
}