{
    "0": {
        "precision": 0.20251889168765744,
        "recall": 0.2020100502512563,
        "f1-score": 0.20226415094339623,
        "support": 3980.0
    },
    "1": {
        "precision": 0.187467498699948,
        "recall": 0.19023746701846966,
        "f1-score": 0.1888423258250393,
        "support": 3790.0
    },
    "2": {
        "precision": 0.13168449197860962,
        "recall": 0.13776223776223775,
        "f1-score": 0.1346548188653452,
        "support": 2860.0
    },
    "3": {
        "precision": 0.36695886716115983,
        "recall": 0.3619313647246608,
        "f1-score": 0.36442777740574567,
        "support": 7518.0
    },
    "4": {
        "precision": 0.08047270680922904,
        "recall": 0.07721382289416846,
        "f1-score": 0.0788095894185726,
        "support": 1852.0
    },
    "accuracy": 0.23915,
    "macro avg": {
        "precision": 0.1938204912673208,
        "recall": 0.1938309885301586,
        "f1-score": 0.1937997324916198,
        "support": 20000.0
    },
    "weighted avg": {
        "precision": 0.24004884361883974,
        "recall": 0.23915,
        "f1-score": 0.23957799538630478,
        "support": 20000.0
    },
    "time": 1.546877384185791
}