{
    "0": {
        "precision": 0.2026482440990213,
        "recall": 0.1926655719759168,
        "f1-score": 0.19753086419753085,
        "support": 1827.0
    },
    "1": {
        "precision": 0.20270270270270271,
        "recall": 0.20258863252673046,
        "f1-score": 0.20264565156206024,
        "support": 1777.0
    },
    "2": {
        "precision": 0.18929359823399558,
        "recall": 0.19907138711549624,
        "f1-score": 0.19405940594059407,
        "support": 1723.0
    },
    "3": {
        "precision": 0.19112627986348124,
        "recall": 0.18961625282167044,
        "f1-score": 0.19036827195467423,
        "support": 1772.0
    },
    "4": {
        "precision": 0.1932819383259912,
        "recall": 0.195,
        "f1-score": 0.19413716814159293,
        "support": 1800.0
    },
    "accuracy": 0.19575233172266546,
    "macro avg": {
        "precision": 0.19581055264503838,
        "recall": 0.19578836888796278,
        "f1-score": 0.19574827235929043,
        "support": 8899.0
    },
    "weighted avg": {
        "precision": 0.19588461302771792,
        "recall": 0.19575233172266546,
        "f1-score": 0.19576739506785742,
        "support": 8899.0
    },
    "time": 0.5811738967895508
}