{
    "0": {
        "precision": 0.2042713567839196,
        "recall": 0.2042713567839196,
        "f1-score": 0.2042713567839196,
        "support": 3980.0
    },
    "1": {
        "precision": 0.1944516463572725,
        "recall": 0.19788918205804748,
        "f1-score": 0.19615535504119264,
        "support": 3790.0
    },
    "2": {
        "precision": 0.13823331085637222,
        "recall": 0.14335664335664336,
        "f1-score": 0.14074836937864743,
        "support": 2860.0
    },
    "3": {
        "precision": 0.38178633975481613,
        "recall": 0.37696195796754456,
        "f1-score": 0.3793588113245432,
        "support": 7518.0
    },
    "4": {
        "precision": 0.0834272829763247,
        "recall": 0.07991360691144708,
        "f1-score": 0.08163265306122448,
        "support": 1852.0
    },
    "accuracy": 0.24775,
    "macro avg": {
        "precision": 0.20043398734574103,
        "recall": 0.2004785494155204,
        "f1-score": 0.2004333091179055,
        "support": 20000.0
    },
    "weighted avg": {
        "precision": 0.24850480195460742,
        "recall": 0.24775,
        "f1-score": 0.24810861745181773,
        "support": 20000.0
    },
    "time": 1.472337245941162
}