{
    "0": {
        "precision": 0.20535226652102676,
        "recall": 0.20580186097427478,
        "f1-score": 0.20557681793329688,
        "support": 1827.0
    },
    "1": {
        "precision": 0.20460778935820076,
        "recall": 0.20990433314575127,
        "f1-score": 0.20722222222222222,
        "support": 1777.0
    },
    "2": {
        "precision": 0.18475877192982457,
        "recall": 0.1955890887986071,
        "f1-score": 0.19001973498731323,
        "support": 1723.0
    },
    "3": {
        "precision": 0.2121559633027523,
        "recall": 0.208803611738149,
        "f1-score": 0.21046643913538113,
        "support": 1772.0
    },
    "4": {
        "precision": 0.2081097197376267,
        "recall": 0.1938888888888889,
        "f1-score": 0.2007477710670118,
        "support": 1800.0
    },
    "accuracy": 0.20283177885155634,
    "macro avg": {
        "precision": 0.20299690216988622,
        "recall": 0.20279755670913419,
        "f1-score": 0.20280659706904505,
        "support": 8899.0
    },
    "weighted avg": {
        "precision": 0.2031288750599766,
        "recall": 0.20283177885155634,
        "f1-score": 0.20289012885770083,
        "support": 8899.0
    },
    "time": 0.7461562156677246
}