{
    "European American or white": {
        "precision": 0.0,
        "recall": 0.0,
        "f1-score": 0.0,
        "support": 65.0
    },
    "Latino/a/x American": {
        "precision": 0.15517241379310345,
        "recall": 0.16981132075471697,
        "f1-score": 0.16216216216216217,
        "support": 53.0
    },
    "African American or Black": {
        "precision": 0.0,
        "recall": 0.0,
        "f1-score": 0.0,
        "support": 54.0
    },
    "Asian American": {
        "precision": 0.12844036697247707,
        "recall": 0.25925925925925924,
        "f1-score": 0.17177914110429449,
        "support": 54.0
    },
    "Multiracial": {
        "precision": 0.14545454545454545,
        "recall": 0.14545454545454545,
        "f1-score": 0.14545454545454545,
        "support": 55.0
    },
    "American Indian or Alaska Native": {
        "precision": 0.1527777777777778,
        "recall": 0.1896551724137931,
        "f1-score": 0.16923076923076924,
        "support": 58.0
    },
    "Pacific Islander": {
        "precision": 0.13978494623655913,
        "recall": 0.23214285714285715,
        "f1-score": 0.174496644295302,
        "support": 56.0
    },
    "accuracy": 0.13924050632911392,
    "macro avg": {
        "precision": 0.10309000717635185,
        "recall": 0.1423318792893103,
        "f1-score": 0.11758903746386762,
        "support": 395.0
    },
    "weighted avg": {
        "precision": 0.10088350847571309,
        "recall": 0.13924050632911392,
        "f1-score": 0.11508320230417221,
        "support": 395.0
    },
    "time": 0.009681940078735352
}