{
    "0": {
        "precision": 0.5471995548961425,
        "recall": 0.538363288021166,
        "f1-score": 0.542745458726144,
        "support": 10961.0
    },
    "1": {
        "precision": 0.40012376237623765,
        "recall": 0.40241473736619365,
        "f1-score": 0.4012659798932605,
        "support": 8034.0
    },
    "2": {
        "precision": 0.04225352112676056,
        "recall": 0.04776119402985075,
        "f1-score": 0.044838860345632885,
        "support": 1005.0
    },
    "accuracy": 0.4591,
    "macro avg": {
        "precision": 0.32985894613304684,
        "recall": 0.32951307313907013,
        "f1-score": 0.32961676632167913,
        "support": 20000.0
    },
    "weighted avg": {
        "precision": 0.4627456708439852,
        "recall": 0.4591,
        "f1-score": 0.460893345510354,
        "support": 20000.0
    },
    "time": 1.502290964126587
}