{
    "0": {
        "precision": 0.3597122302158273,
        "recall": 0.3388189738625363,
        "f1-score": 0.3489531405782652,
        "support": 1033.0
    },
    "1": {
        "precision": 0.3286118980169972,
        "recall": 0.3625,
        "f1-score": 0.3447251114413076,
        "support": 960.0
    },
    "2": {
        "precision": 0.356,
        "recall": 0.3426371511068335,
        "f1-score": 0.3491907797940167,
        "support": 1039.0
    },
    "accuracy": 0.3476253298153034,
    "macro avg": {
        "precision": 0.3481080427442748,
        "recall": 0.34798537498978993,
        "f1-score": 0.3476230106045299,
        "support": 3032.0
    },
    "weighted avg": {
        "precision": 0.3485930593368295,
        "recall": 0.3476253298153034,
        "f1-score": 0.3476958843690589,
        "support": 3032.0
    },
    "time": 0.1644883155822754
}