{
    "0": {
        "precision": 0.942390369733448,
        "recall": 0.9308843826308525,
        "f1-score": 0.936602040271324,
        "support": 18838.0
    },
    "1": {
        "precision": 0.06465517241379311,
        "recall": 0.0774526678141136,
        "f1-score": 0.07047768206734534,
        "support": 1162.0
    },
    "accuracy": 0.8813,
    "macro avg": {
        "precision": 0.5035227710736205,
        "recall": 0.504168525222483,
        "f1-score": 0.5035398611693347,
        "support": 20000.0
    },
    "weighted avg": {
        "precision": 0.8913939547691759,
        "recall": 0.8813,
        "f1-score": 0.8862802150596728,
        "support": 20000.0
    },
    "time": 1.3777058124542236
}