{
    "0": {
        "precision": 0.941986128286467,
        "recall": 0.9300350355664083,
        "f1-score": 0.9359724336885968,
        "support": 18838.0
    },
    "1": {
        "precision": 0.05924339757316203,
        "recall": 0.07142857142857142,
        "f1-score": 0.0647678501755755,
        "support": 1162.0
    },
    "accuracy": 0.88015,
    "macro avg": {
        "precision": 0.5006147629298145,
        "recall": 0.5007318034974899,
        "f1-score": 0.5003701419320862,
        "support": 20000.0
    },
    "weighted avg": {
        "precision": 0.8906987756320239,
        "recall": 0.88015,
        "f1-score": 0.8853554473864904,
        "support": 20000.0
    },
    "time": 1.5612609386444092
}