{
    "Female": {
        "precision": 0.3425559947299078,
        "recall": 0.25169409486931266,
        "f1-score": 0.29017857142857145,
        "support": 1033.0
    },
    "Male": {
        "precision": 0.3128167994207096,
        "recall": 0.45,
        "f1-score": 0.3690730457069628,
        "support": 960.0
    },
    "Nonbinary": {
        "precision": 0.336322869955157,
        "recall": 0.28873917228103946,
        "f1-score": 0.31071983428275507,
        "support": 1039.0
    },
    "accuracy": 0.32717678100263853,
    "macro avg": {
        "precision": 0.33056522136859146,
        "recall": 0.3301444223834507,
        "f1-score": 0.32332381713942976,
        "support": 3032.0
    },
    "weighted avg": {
        "precision": 0.33100393531770583,
        "recall": 0.32717678100263853,
        "f1-score": 0.32219739313462437,
        "support": 3032.0
    },
    "time": 0.031071901321411133
}