{
    "0": {
        "precision": 0.9418498414575159,
        "recall": 0.9303004565240471,
        "f1-score": 0.936039524636133,
        "support": 18838.0
    },
    "1": {
        "precision": 0.057430007178750894,
        "recall": 0.06884681583476764,
        "f1-score": 0.06262230919765166,
        "support": 1162.0
    },
    "accuracy": 0.88025,
    "macro avg": {
        "precision": 0.4996399243181334,
        "recall": 0.49957363617940737,
        "f1-score": 0.49933091691689235,
        "support": 20000.0
    },
    "weighted avg": {
        "precision": 0.8904650490859198,
        "recall": 0.88025,
        "f1-score": 0.8852939844191573,
        "support": 20000.0
    },
    "time": 1.194195032119751
}