{
    "European American or white": {
        "precision": 0.2127659574468085,
        "recall": 0.15384615384615385,
        "f1-score": 0.17857142857142858,
        "support": 65.0
    },
    "Latino/a/x American": {
        "precision": 0.09482758620689655,
        "recall": 0.20754716981132076,
        "f1-score": 0.1301775147928994,
        "support": 53.0
    },
    "African American or Black": {
        "precision": 0.125,
        "recall": 0.037037037037037035,
        "f1-score": 0.05714285714285714,
        "support": 54.0
    },
    "Asian American": {
        "precision": 0.17647058823529413,
        "recall": 0.05555555555555555,
        "f1-score": 0.08450704225352113,
        "support": 54.0
    },
    "Multiracial": {
        "precision": 0.17391304347826086,
        "recall": 0.21818181818181817,
        "f1-score": 0.1935483870967742,
        "support": 55.0
    },
    "American Indian or Alaska Native": {
        "precision": 0.14705882352941177,
        "recall": 0.1724137931034483,
        "f1-score": 0.15873015873015872,
        "support": 58.0
    },
    "Pacific Islander": {
        "precision": 0.14516129032258066,
        "recall": 0.16071428571428573,
        "f1-score": 0.15254237288135594,
        "support": 56.0
    },
    "accuracy": 0.14430379746835442,
    "macro avg": {
        "precision": 0.1535996127456075,
        "recall": 0.1436136876070885,
        "f1-score": 0.13645996592414217,
        "support": 395.0
    },
    "weighted avg": {
        "precision": 0.155338537928579,
        "recall": 0.14430379746835442,
        "f1-score": 0.13810007363695864,
        "support": 395.0
    },
    "time": 0.021265268325805664
}