{
    "0": {
        "precision": 0.2217220033764772,
        "recall": 0.21565407772304324,
        "f1-score": 0.21864594894561598,
        "support": 1827.0
    },
    "1": {
        "precision": 0.18739448508722567,
        "recall": 0.18739448508722567,
        "f1-score": 0.18739448508722567,
        "support": 1777.0
    },
    "2": {
        "precision": 0.19422863485016648,
        "recall": 0.20313406848520024,
        "f1-score": 0.19858156028368795,
        "support": 1723.0
    },
    "3": {
        "precision": 0.20317820658342792,
        "recall": 0.2020316027088036,
        "f1-score": 0.20260328239954725,
        "support": 1772.0
    },
    "4": {
        "precision": 0.18192026951151039,
        "recall": 0.18,
        "f1-score": 0.18095504049148284,
        "support": 1800.0
    },
    "accuracy": 0.19766265872569952,
    "macro avg": {
        "precision": 0.19768871988176154,
        "recall": 0.19764284680085456,
        "f1-score": 0.19763606344151194,
        "support": 8899.0
    },
    "weighted avg": {
        "precision": 0.19780091079921494,
        "recall": 0.19766265872569952,
        "f1-score": 0.19770246841095648,
        "support": 8899.0
    },
    "time": 1.029374122619629
}