{
    "0": {
        "precision": 0.18934010152284264,
        "recall": 0.18743718592964825,
        "f1-score": 0.18838383838383838,
        "support": 3980.0
    },
    "1": {
        "precision": 0.18006345848757271,
        "recall": 0.17968337730870712,
        "f1-score": 0.17987321711568938,
        "support": 3790.0
    },
    "2": {
        "precision": 0.14,
        "recall": 0.14440559440559442,
        "f1-score": 0.14216867469879518,
        "support": 2860.0
    },
    "3": {
        "precision": 0.37205921226539784,
        "recall": 0.3744346900771482,
        "f1-score": 0.3732431715725272,
        "support": 7518.0
    },
    "4": {
        "precision": 0.10158910329171396,
        "recall": 0.09665226781857451,
        "f1-score": 0.09905921416712783,
        "support": 1852.0
    },
    "accuracy": 0.2417,
    "macro avg": {
        "precision": 0.19661037511350546,
        "recall": 0.1965226231079345,
        "f1-score": 0.19654562318759558,
        "support": 20000.0
    },
    "weighted avg": {
        "precision": 0.2410849144418165,
        "recall": 0.2417,
        "f1-score": 0.2413794703897237,
        "support": 20000.0
    },
    "time": 2.0691559314727783
}