{
    "0": {
        "precision": 0.1977894124490983,
        "recall": 0.18609742747673783,
        "f1-score": 0.19176536943034406,
        "support": 1827.0
    },
    "1": {
        "precision": 0.20357336220898756,
        "recall": 0.21159257175014068,
        "f1-score": 0.20750551876379691,
        "support": 1777.0
    },
    "2": {
        "precision": 0.199438202247191,
        "recall": 0.2060359837492745,
        "f1-score": 0.20268341421638594,
        "support": 1723.0
    },
    "3": {
        "precision": 0.20145089285714285,
        "recall": 0.20372460496613995,
        "f1-score": 0.2025813692480359,
        "support": 1772.0
    },
    "4": {
        "precision": 0.20272572402044292,
        "recall": 0.19833333333333333,
        "f1-score": 0.2005054759898905,
        "support": 1800.0
    },
    "accuracy": 0.20103382402517136,
    "macro avg": {
        "precision": 0.20099551875657254,
        "recall": 0.20115678425512526,
        "f1-score": 0.20100822952969066,
        "support": 8899.0
    },
    "weighted avg": {
        "precision": 0.200991170810365,
        "recall": 0.20103382402517136,
        "f1-score": 0.20094394904783244,
        "support": 8899.0
    },
    "time": 0.7566440105438232
}