{
    "0": {
        "precision": 0.3473053892215569,
        "recall": 0.33688286544046464,
        "f1-score": 0.342014742014742,
        "support": 1033.0
    },
    "1": {
        "precision": 0.3226120857699805,
        "recall": 0.34479166666666666,
        "f1-score": 0.3333333333333333,
        "support": 960.0
    },
    "2": {
        "precision": 0.3436254980079681,
        "recall": 0.3320500481231954,
        "f1-score": 0.3377386196769457,
        "support": 1039.0
    },
    "accuracy": 0.33773087071240104,
    "macro avg": {
        "precision": 0.3378476576665019,
        "recall": 0.3379081934101089,
        "f1-score": 0.33769556500834036,
        "support": 3032.0
    },
    "weighted avg": {
        "precision": 0.3382259108955568,
        "recall": 0.33773087071240104,
        "f1-score": 0.3378006775546092,
        "support": 3032.0
    },
    "time": 0.12836003303527832
}