{
    "0": {
        "precision": 0.5615447228000362,
        "recall": 0.5664629139677037,
        "f1-score": 0.5639930965573622,
        "support": 10961.0
    },
    "1": {
        "precision": 0.4238216560509554,
        "recall": 0.41411501120238986,
        "f1-score": 0.41891211281793,
        "support": 8034.0
    },
    "2": {
        "precision": 0.055809698078682524,
        "recall": 0.06069651741293532,
        "f1-score": 0.058150619637750235,
        "support": 1005.0
    },
    "accuracy": 0.47985,
    "macro avg": {
        "precision": 0.34705869230989145,
        "recall": 0.34709148086100955,
        "f1-score": 0.3470186096710141,
        "support": 20000.0
    },
    "weighted avg": {
        "precision": 0.48080818189468244,
        "recall": 0.47985,
        "f1-score": 0.48029548092402174,
        "support": 20000.0
    },
    "time": 1.3344340324401855
}