{
    "0": {
        "precision": 0.350293542074364,
        "recall": 0.3465634075508228,
        "f1-score": 0.3484184914841849,
        "support": 1033.0
    },
    "1": {
        "precision": 0.3134920634920635,
        "recall": 0.32916666666666666,
        "f1-score": 0.32113821138211385,
        "support": 960.0
    },
    "2": {
        "precision": 0.31736526946107785,
        "recall": 0.3060635226179018,
        "f1-score": 0.31161195492405686,
        "support": 1039.0
    },
    "accuracy": 0.32717678100263853,
    "macro avg": {
        "precision": 0.3270502916758351,
        "recall": 0.32726453227846375,
        "f1-score": 0.32705621926345185,
        "support": 3032.0
    },
    "weighted avg": {
        "precision": 0.32735756097798774,
        "recall": 0.32717678100263853,
        "f1-score": 0.327168141753327,
        "support": 3032.0
    },
    "time": 0.14596986770629883
}