{
    "0": {
        "precision": 0.4970364098221846,
        "recall": 0.5029991431019709,
        "f1-score": 0.5,
        "support": 1167.0
    },
    "1": {
        "precision": 0.510548523206751,
        "recall": 0.5045871559633027,
        "f1-score": 0.5075503355704698,
        "support": 1199.0
    },
    "accuracy": 0.503803888419273,
    "macro avg": {
        "precision": 0.5037924665144679,
        "recall": 0.5037931495326369,
        "f1-score": 0.5037751677852349,
        "support": 2366.0
    },
    "weighted avg": {
        "precision": 0.5038838417529096,
        "recall": 0.503803888419273,
        "f1-score": 0.5038262266901916,
        "support": 2366.0
    },
    "time": 0.1783151626586914
}