{
    "0": {
        "precision": 0.2,
        "recall": 0.18461538461538463,
        "f1-score": 0.192,
        "support": 65.0
    },
    "1": {
        "precision": 0.15384615384615385,
        "recall": 0.1509433962264151,
        "f1-score": 0.1523809523809524,
        "support": 53.0
    },
    "2": {
        "precision": 0.14,
        "recall": 0.12962962962962962,
        "f1-score": 0.1346153846153846,
        "support": 54.0
    },
    "3": {
        "precision": 0.15789473684210525,
        "recall": 0.16666666666666666,
        "f1-score": 0.16216216216216217,
        "support": 54.0
    },
    "4": {
        "precision": 0.19230769230769232,
        "recall": 0.18181818181818182,
        "f1-score": 0.18691588785046728,
        "support": 55.0
    },
    "5": {
        "precision": 0.13636363636363635,
        "recall": 0.15517241379310345,
        "f1-score": 0.14516129032258066,
        "support": 58.0
    },
    "6": {
        "precision": 0.1724137931034483,
        "recall": 0.17857142857142858,
        "f1-score": 0.17543859649122806,
        "support": 56.0
    },
    "accuracy": 0.16455696202531644,
    "macro avg": {
        "precision": 0.1646894303518623,
        "recall": 0.1639167287601157,
        "f1-score": 0.16409632483182504,
        "support": 395.0
    },
    "weighted avg": {
        "precision": 0.16552240086867573,
        "recall": 0.16455696202531644,
        "f1-score": 0.1648265014586637,
        "support": 395.0
    },
    "time": 0.019593000411987305
}