{
    "Female": {
        "precision": 0.3345070422535211,
        "recall": 0.2758954501452081,
        "f1-score": 0.30238726790450926,
        "support": 1033.0
    },
    "Male": {
        "precision": 0.31258366800535475,
        "recall": 0.4864583333333333,
        "f1-score": 0.38060309698451505,
        "support": 960.0
    },
    "Nonbinary": {
        "precision": 0.33090379008746357,
        "recall": 0.21847930702598653,
        "f1-score": 0.26318840579710145,
        "support": 1039.0
    },
    "accuracy": 0.3228891820580475,
    "macro avg": {
        "precision": 0.3259981667821132,
        "recall": 0.3269443635015093,
        "f1-score": 0.3153929235620419,
        "support": 3032.0
    },
    "weighted avg": {
        "precision": 0.3263308488898095,
        "recall": 0.3228891820580475,
        "f1-score": 0.31371958261005306,
        "support": 3032.0
    },
    "time": 0.03929305076599121
}