{
    "0": {
        "precision": 0.5578445483987046,
        "recall": 0.5657330535535079,
        "f1-score": 0.5617611088463106,
        "support": 10961.0
    },
    "1": {
        "precision": 0.4174494916999099,
        "recall": 0.40378391834702515,
        "f1-score": 0.4105030053780449,
        "support": 8034.0
    },
    "2": {
        "precision": 0.04941599281221923,
        "recall": 0.05472636815920398,
        "f1-score": 0.05193578847969783,
        "support": 1005.0
    },
    "accuracy": 0.475,
    "macro avg": {
        "precision": 0.34157001097027795,
        "recall": 0.341414446686579,
        "f1-score": 0.34139996756801777,
        "support": 20000.0
    },
    "weighted avg": {
        "precision": 0.47589931920457795,
        "recall": 0.475,
        "f1-score": 0.47538200633468597,
        "support": 20000.0
    },
    "time": 0.9759731292724609
}