{
    "0": {
        "precision": 0.20534223706176963,
        "recall": 0.2019704433497537,
        "f1-score": 0.20364238410596028,
        "support": 1827.0
    },
    "1": {
        "precision": 0.2070874861572536,
        "recall": 0.2104670793472144,
        "f1-score": 0.20876360591682946,
        "support": 1777.0
    },
    "2": {
        "precision": 0.19856194690265486,
        "recall": 0.20835751596053395,
        "f1-score": 0.2033418295100538,
        "support": 1723.0
    },
    "3": {
        "precision": 0.18760958503798947,
        "recall": 0.1811512415349887,
        "f1-score": 0.1843238587424634,
        "support": 1772.0
    },
    "4": {
        "precision": 0.19471018570624649,
        "recall": 0.1922222222222222,
        "f1-score": 0.19345820519988818,
        "support": 1800.0
    },
    "accuracy": 0.19878638049219013,
    "macro avg": {
        "precision": 0.19866228817318282,
        "recall": 0.1988337004829426,
        "f1-score": 0.19870597669503903,
        "support": 8899.0
    },
    "weighted avg": {
        "precision": 0.19869642470897048,
        "recall": 0.19878638049219013,
        "f1-score": 0.19870009919913048,
        "support": 8899.0
    },
    "time": 0.877810001373291
}