{
    "0": {
        "precision": 0.19511593487913173,
        "recall": 0.19874371859296483,
        "f1-score": 0.19691311924321633,
        "support": 3980.0
    },
    "1": {
        "precision": 0.18865503080082136,
        "recall": 0.19393139841688653,
        "f1-score": 0.1912568306010929,
        "support": 3790.0
    },
    "2": {
        "precision": 0.15681743149554309,
        "recall": 0.1660839160839161,
        "f1-score": 0.16131771098658515,
        "support": 2860.0
    },
    "3": {
        "precision": 0.3788992097601553,
        "recall": 0.3635275339185954,
        "f1-score": 0.37105423935917453,
        "support": 7518.0
    },
    "4": {
        "precision": 0.10121681415929204,
        "recall": 0.0988120950323974,
        "f1-score": 0.1,
        "support": 1852.0
    },
    "accuracy": 0.24585,
    "macro avg": {
        "precision": 0.20414088421898868,
        "recall": 0.20421973240895203,
        "f1-score": 0.20410838003801376,
        "support": 20000.0
    },
    "weighted avg": {
        "precision": 0.24880398202155837,
        "recall": 0.24585,
        "f1-score": 0.2472366013745025,
        "support": 20000.0
    },
    "time": 1.552433967590332
}