{
    "European American or white": {
        "precision": 0.12371134020618557,
        "recall": 0.18461538461538463,
        "f1-score": 0.14814814814814814,
        "support": 65.0
    },
    "Latino/a/x American": {
        "precision": 0.1079136690647482,
        "recall": 0.2830188679245283,
        "f1-score": 0.15625,
        "support": 53.0
    },
    "African American or Black": {
        "precision": 0.0,
        "recall": 0.0,
        "f1-score": 0.0,
        "support": 54.0
    },
    "Asian American": {
        "precision": 0.14893617021276595,
        "recall": 0.25925925925925924,
        "f1-score": 0.1891891891891892,
        "support": 54.0
    },
    "Multiracial": {
        "precision": 0.07936507936507936,
        "recall": 0.09090909090909091,
        "f1-score": 0.0847457627118644,
        "support": 55.0
    },
    "American Indian or Alaska Native": {
        "precision": 0.0,
        "recall": 0.0,
        "f1-score": 0.0,
        "support": 58.0
    },
    "Pacific Islander": {
        "precision": 0.0,
        "recall": 0.0,
        "f1-score": 0.0,
        "support": 56.0
    },
    "accuracy": 0.11645569620253164,
    "macro avg": {
        "precision": 0.0657037512641113,
        "recall": 0.11682894324403759,
        "f1-score": 0.08261901429274311,
        "support": 395.0
    },
    "weighted avg": {
        "precision": 0.06624884589975301,
        "recall": 0.11645569620253164,
        "f1-score": 0.08300788049366681,
        "support": 395.0
    },
    "time": 0.009032964706420898
}