{
    "In poverty": {
        "precision": 0.21283018867924527,
        "recall": 0.15435139573070608,
        "f1-score": 0.17893401015228427,
        "support": 1827.0
    },
    "Near poverty": {
        "precision": 0.2021978021978022,
        "recall": 0.10354530106921778,
        "f1-score": 0.13695571269073317,
        "support": 1777.0
    },
    "Lower-middle income": {
        "precision": 0.18714618714618714,
        "recall": 0.3261752756819501,
        "f1-score": 0.23783326280152348,
        "support": 1723.0
    },
    "Middle income": {
        "precision": 0.19614882506527415,
        "recall": 0.3391647855530474,
        "f1-score": 0.24855252274607112,
        "support": 1772.0
    },
    "Higher income": {
        "precision": 0.22613065326633167,
        "recall": 0.075,
        "f1-score": 0.11264080100125157,
        "support": 1800.0
    },
    "accuracy": 0.19822451960894483,
    "macro avg": {
        "precision": 0.20489073127096807,
        "recall": 0.19964735160698427,
        "f1-score": 0.18298326187837272,
        "support": 8899.0
    },
    "weighted avg": {
        "precision": 0.20510282319029316,
        "recall": 0.19822451960894483,
        "f1-score": 0.1824090304433051,
        "support": 8899.0
    },
    "time": 0.1747300624847412
}