{
    "In poverty": {
        "precision": 0.21722846441947566,
        "recall": 0.09523809523809523,
        "f1-score": 0.1324200913242009,
        "support": 1827.0
    },
    "Near poverty": {
        "precision": 0.22203947368421054,
        "recall": 0.07597073719752391,
        "f1-score": 0.11320754716981132,
        "support": 1777.0
    },
    "Lower-middle income": {
        "precision": 0.20664542558033683,
        "recall": 0.2634939059779454,
        "f1-score": 0.2316326530612245,
        "support": 1723.0
    },
    "Middle income": {
        "precision": 0.19439108720706877,
        "recall": 0.28555304740406323,
        "f1-score": 0.23131428571428572,
        "support": 1772.0
    },
    "Higher income": {
        "precision": 0.20594795539033459,
        "recall": 0.30777777777777776,
        "f1-score": 0.2467706013363029,
        "support": 1800.0
    },
    "accuracy": 0.20485447803123946,
    "macro avg": {
        "precision": 0.2092504812562853,
        "recall": 0.2056067127190811,
        "f1-score": 0.19106903572116507,
        "support": 8899.0
    },
    "weighted avg": {
        "precision": 0.20931092749069252,
        "recall": 0.20485447803123946,
        "f1-score": 0.19061471806782998,
        "support": 8899.0
    },
    "time": 0.22289514541625977
}