{
    "0": {
        "precision": 0.19761499148211242,
        "recall": 0.19047619047619047,
        "f1-score": 0.1939799331103679,
        "support": 1827.0
    },
    "1": {
        "precision": 0.1978082191780822,
        "recall": 0.20315137872819358,
        "f1-score": 0.20044419766796223,
        "support": 1777.0
    },
    "2": {
        "precision": 0.18228571428571427,
        "recall": 0.18514219384793965,
        "f1-score": 0.18370285056147423,
        "support": 1723.0
    },
    "3": {
        "precision": 0.19666666666666666,
        "recall": 0.19977426636568849,
        "f1-score": 0.19820828667413215,
        "support": 1772.0
    },
    "4": {
        "precision": 0.1951219512195122,
        "recall": 0.19111111111111112,
        "f1-score": 0.1930957058658434,
        "support": 1800.0
    },
    "accuracy": 0.19395437689628048,
    "macro avg": {
        "precision": 0.19389950856641755,
        "recall": 0.19393102810582466,
        "f1-score": 0.19388619477595598,
        "support": 8899.0
    },
    "weighted avg": {
        "precision": 0.1939924627666044,
        "recall": 0.19395437689628048,
        "f1-score": 0.1939440435005182,
        "support": 8899.0
    },
    "time": 0.7298538684844971
}