{
    "European American or white": {
        "precision": 0.16666666666666666,
        "recall": 0.03076923076923077,
        "f1-score": 0.05194805194805195,
        "support": 65.0
    },
    "Latino/a/x American": {
        "precision": 0.15789473684210525,
        "recall": 0.33962264150943394,
        "f1-score": 0.2155688622754491,
        "support": 53.0
    },
    "African American or Black": {
        "precision": 0.08571428571428572,
        "recall": 0.05555555555555555,
        "f1-score": 0.06741573033707865,
        "support": 54.0
    },
    "Asian American": {
        "precision": 0.15151515151515152,
        "recall": 0.2777777777777778,
        "f1-score": 0.19607843137254902,
        "support": 54.0
    },
    "Multiracial": {
        "precision": 0.09090909090909091,
        "recall": 0.09090909090909091,
        "f1-score": 0.09090909090909091,
        "support": 55.0
    },
    "American Indian or Alaska Native": {
        "precision": 0.20754716981132076,
        "recall": 0.1896551724137931,
        "f1-score": 0.1981981981981982,
        "support": 58.0
    },
    "Pacific Islander": {
        "precision": 0.2222222222222222,
        "recall": 0.10714285714285714,
        "f1-score": 0.14457831325301204,
        "support": 56.0
    },
    "accuracy": 0.1518987341772152,
    "macro avg": {
        "precision": 0.15463847481154902,
        "recall": 0.15591890372539133,
        "f1-score": 0.1378138111847757,
        "support": 395.0
    },
    "weighted avg": {
        "precision": 0.15568183364520397,
        "recall": 0.1518987341772152,
        "f1-score": 0.1357527565752057,
        "support": 395.0
    },
    "time": 0.014806032180786133
}