{
    "0": {
        "precision": 0.19679519278918378,
        "recall": 0.19748743718592965,
        "f1-score": 0.19714070729872085,
        "support": 3980.0
    },
    "1": {
        "precision": 0.18412698412698414,
        "recall": 0.18364116094986807,
        "f1-score": 0.18388375165125495,
        "support": 3790.0
    },
    "2": {
        "precision": 0.14321766561514196,
        "recall": 0.15874125874125875,
        "f1-score": 0.1505804311774461,
        "support": 2860.0
    },
    "3": {
        "precision": 0.37311783395496617,
        "recall": 0.3592710827347699,
        "f1-score": 0.36606356305482146,
        "support": 7518.0
    },
    "4": {
        "precision": 0.09025866813428729,
        "recall": 0.08855291576673865,
        "f1-score": 0.08939765603706733,
        "support": 1852.0
    },
    "accuracy": 0.24005,
    "macro avg": {
        "precision": 0.19750326892411268,
        "recall": 0.197538771075713,
        "f1-score": 0.19741322184386215,
        "support": 20000.0
    },
    "weighted avg": {
        "precision": 0.24314737949298318,
        "recall": 0.24005,
        "f1-score": 0.2414914896500729,
        "support": 20000.0
    },
    "time": 1.4096770286560059
}