{
    "0": {
        "precision": 0.2092074592074592,
        "recall": 0.19649698960043788,
        "f1-score": 0.2026531188258538,
        "support": 1827.0
    },
    "1": {
        "precision": 0.19426048565121412,
        "recall": 0.19808666291502533,
        "f1-score": 0.19615491780440233,
        "support": 1777.0
    },
    "2": {
        "precision": 0.18954623779437105,
        "recall": 0.1915264074289031,
        "f1-score": 0.1905311778290993,
        "support": 1723.0
    },
    "3": {
        "precision": 0.21185983827493263,
        "recall": 0.22178329571106095,
        "f1-score": 0.21670802315963605,
        "support": 1772.0
    },
    "4": {
        "precision": 0.2123943661971831,
        "recall": 0.20944444444444443,
        "f1-score": 0.2109090909090909,
        "support": 1800.0
    },
    "accuracy": 0.20350601191145073,
    "macro avg": {
        "precision": 0.203453677425032,
        "recall": 0.20346756001997432,
        "f1-score": 0.2033912657056165,
        "support": 8899.0
    },
    "weighted avg": {
        "precision": 0.20358878202854783,
        "recall": 0.20350601191145073,
        "f1-score": 0.20347710272030956,
        "support": 8899.0
    },
    "time": 0.6488709449768066
}