{
    "0": {
        "precision": 0.19772727272727272,
        "recall": 0.19047619047619047,
        "f1-score": 0.194034011708949,
        "support": 1827.0
    },
    "1": {
        "precision": 0.20088057237204182,
        "recall": 0.20540236353404615,
        "f1-score": 0.20311630495269895,
        "support": 1777.0
    },
    "2": {
        "precision": 0.18494749124854143,
        "recall": 0.1839814277423099,
        "f1-score": 0.18446319464649402,
        "support": 1723.0
    },
    "3": {
        "precision": 0.206858407079646,
        "recall": 0.2110609480812641,
        "f1-score": 0.20893854748603352,
        "support": 1772.0
    },
    "4": {
        "precision": 0.20555555555555555,
        "recall": 0.20555555555555555,
        "f1-score": 0.20555555555555555,
        "support": 1800.0
    },
    "accuracy": 0.19934824137543544,
    "macro avg": {
        "precision": 0.1991938597966115,
        "recall": 0.19929529707787325,
        "f1-score": 0.19922152286994618,
        "support": 8899.0
    },
    "weighted avg": {
        "precision": 0.19928420374696204,
        "recall": 0.19934824137543544,
        "f1-score": 0.19929284232097497,
        "support": 8899.0
    },
    "time": 0.6448421478271484
}