{
    "0": {
        "precision": 0.20751802265705457,
        "recall": 0.20251256281407035,
        "f1-score": 0.20498474059003052,
        "support": 3980.0
    },
    "1": {
        "precision": 0.18263781555899022,
        "recall": 0.1870712401055409,
        "f1-score": 0.18482794577685088,
        "support": 3790.0
    },
    "2": {
        "precision": 0.14200792602377807,
        "recall": 0.15034965034965034,
        "f1-score": 0.14605978260869565,
        "support": 2860.0
    },
    "3": {
        "precision": 0.37693333333333334,
        "recall": 0.37603085927108276,
        "f1-score": 0.3764815554667732,
        "support": 7518.0
    },
    "4": {
        "precision": 0.08792497069167643,
        "recall": 0.08099352051835854,
        "f1-score": 0.08431703204047218,
        "support": 1852.0
    },
    "accuracy": 0.2461,
    "macro avg": {
        "precision": 0.19940441365296654,
        "recall": 0.19939156661174057,
        "f1-score": 0.19933421129656448,
        "support": 20000.0
    },
    "weighted avg": {
        "precision": 0.246044178264632,
        "recall": 0.2461,
        "f1-score": 0.24603058188208052,
        "support": 20000.0
    },
    "time": 1.281825065612793
}