{
    "0": {
        "precision": 0.5509031198686372,
        "recall": 0.5509533801660432,
        "f1-score": 0.5509282488710486,
        "support": 10961.0
    },
    "1": {
        "precision": 0.4039018250471995,
        "recall": 0.39942743340801595,
        "f1-score": 0.40165216847111834,
        "support": 8034.0
    },
    "2": {
        "precision": 0.05489478499542543,
        "recall": 0.05970149253731343,
        "f1-score": 0.057197330791229746,
        "support": 1005.0
    },
    "accuracy": 0.4654,
    "macro avg": {
        "precision": 0.33656657663708733,
        "recall": 0.3366941020371242,
        "f1-score": 0.33659258271113224,
        "support": 20000.0
    },
    "weighted avg": {
        "precision": 0.46692828091148675,
        "recall": 0.4654,
        "f1-score": 0.46615406874088566,
        "support": 20000.0
    },
    "time": 1.6190698146820068
}