{
    "0": {
        "precision": 0.3220675944333996,
        "recall": 0.31364956437560504,
        "f1-score": 0.31780284453163316,
        "support": 1033.0
    },
    "1": {
        "precision": 0.3099703849950642,
        "recall": 0.32708333333333334,
        "f1-score": 0.31829700963000507,
        "support": 960.0
    },
    "2": {
        "precision": 0.35241855873642647,
        "recall": 0.343599615014437,
        "f1-score": 0.347953216374269,
        "support": 1039.0
    },
    "accuracy": 0.32816622691292874,
    "macro avg": {
        "precision": 0.32815217938829677,
        "recall": 0.3281108375744584,
        "f1-score": 0.32801769017863575,
        "support": 3032.0
    },
    "weighted avg": {
        "precision": 0.32863795421243747,
        "recall": 0.32816622691292874,
        "f1-score": 0.3282911805603059,
        "support": 3032.0
    },
    "time": 0.12099194526672363
}