{
    "0": {
        "precision": 0.19041517170681702,
        "recall": 0.18668341708542713,
        "f1-score": 0.18853082973864502,
        "support": 3980.0
    },
    "1": {
        "precision": 0.18639667705088267,
        "recall": 0.18944591029023747,
        "f1-score": 0.1879089243653494,
        "support": 3790.0
    },
    "2": {
        "precision": 0.14540059347181009,
        "recall": 0.1541958041958042,
        "f1-score": 0.149669098930935,
        "support": 2860.0
    },
    "3": {
        "precision": 0.37334048544991283,
        "recall": 0.37031125299281725,
        "f1-score": 0.37181969949916527,
        "support": 7518.0
    },
    "4": {
        "precision": 0.09681093394077449,
        "recall": 0.091792656587473,
        "f1-score": 0.0942350332594235,
        "support": 1852.0
    },
    "accuracy": 0.2428,
    "macro avg": {
        "precision": 0.19847277232403943,
        "recall": 0.1984858082303518,
        "f1-score": 0.19843271715870364,
        "support": 20000.0
    },
    "weighted avg": {
        "precision": 0.2433104553008057,
        "recall": 0.2428,
        "f1-score": 0.24302224655390664,
        "support": 20000.0
    },
    "time": 1.5067601203918457
}