{
    "0": {
        "precision": 0.47466216216216217,
        "recall": 0.48157669237360756,
        "f1-score": 0.47809442790302,
        "support": 1167.0
    },
    "1": {
        "precision": 0.48815566835871405,
        "recall": 0.48123436196830693,
        "f1-score": 0.4846703065938681,
        "support": 1199.0
    },
    "accuracy": 0.4814032121724429,
    "macro avg": {
        "precision": 0.4814089152604381,
        "recall": 0.48140552717095725,
        "f1-score": 0.4813823672484441,
        "support": 2366.0
    },
    "weighted avg": {
        "precision": 0.48150016466836065,
        "recall": 0.4814032121724429,
        "f1-score": 0.48142683641964173,
        "support": 2366.0
    },
    "time": 0.11519598960876465
}