{
    "0": {
        "precision": 0.9422207876049064,
        "recall": 0.9297165304172418,
        "f1-score": 0.9359268957409288,
        "support": 18838.0
    },
    "1": {
        "precision": 0.06232294617563739,
        "recall": 0.0757314974182444,
        "f1-score": 0.06837606837606838,
        "support": 1162.0
    },
    "accuracy": 0.8801,
    "macro avg": {
        "precision": 0.5022718668902719,
        "recall": 0.5027240139177431,
        "f1-score": 0.5021514820584986,
        "support": 20000.0
    },
    "weighted avg": {
        "precision": 0.8910987230178659,
        "recall": 0.8801,
        "f1-score": 0.8855221926710305,
        "support": 20000.0
    },
    "time": 1.654798984527588
}