{
    "0": {
        "precision": 0.5,
        "recall": 0.5072836332476436,
        "f1-score": 0.5036154827732879,
        "support": 1167.0
    },
    "1": {
        "precision": 0.5135363790186125,
        "recall": 0.5062552126772311,
        "f1-score": 0.5098698026039479,
        "support": 1199.0
    },
    "accuracy": 0.5067624683009299,
    "macro avg": {
        "precision": 0.5067681895093062,
        "recall": 0.5067694229624373,
        "f1-score": 0.5067426426886179,
        "support": 2366.0
    },
    "weighted avg": {
        "precision": 0.506859728843329,
        "recall": 0.5067624683009299,
        "f1-score": 0.5067849373282166,
        "support": 2366.0
    },
    "time": 0.09621000289916992
}