{
    "0": {
        "precision": 0.344311377245509,
        "recall": 0.3339787028073572,
        "f1-score": 0.33906633906633904,
        "support": 1033.0
    },
    "1": {
        "precision": 0.3000931966449208,
        "recall": 0.33541666666666664,
        "f1-score": 0.31677324151500247,
        "support": 960.0
    },
    "2": {
        "precision": 0.3437826541274817,
        "recall": 0.31665062560153995,
        "f1-score": 0.32965931863727455,
        "support": 1039.0
    },
    "accuracy": 0.32849604221635886,
    "macro avg": {
        "precision": 0.3293957426726372,
        "recall": 0.32868199835852124,
        "f1-score": 0.328499633072872,
        "support": 3032.0
    },
    "weighted avg": {
        "precision": 0.33012971606602515,
        "recall": 0.32849604221635886,
        "f1-score": 0.3287842586326052,
        "support": 3032.0
    },
    "time": 0.16776514053344727
}