{
    "0": {
        "precision": 0.20374588711718553,
        "recall": 0.2022613065326633,
        "f1-score": 0.2030008826125331,
        "support": 3980.0
    },
    "1": {
        "precision": 0.1865179929042068,
        "recall": 0.1941952506596306,
        "f1-score": 0.19027921406411583,
        "support": 3790.0
    },
    "2": {
        "precision": 0.14281088082901555,
        "recall": 0.1541958041958042,
        "f1-score": 0.14828513786146605,
        "support": 2860.0
    },
    "3": {
        "precision": 0.3792387543252595,
        "recall": 0.3644586326150572,
        "f1-score": 0.3717018245947229,
        "support": 7518.0
    },
    "4": {
        "precision": 0.08547486033519552,
        "recall": 0.0826133909287257,
        "f1-score": 0.08401976935749589,
        "support": 1852.0
    },
    "accuracy": 0.24375,
    "macro avg": {
        "precision": 0.1995576751021726,
        "recall": 0.19954487698637619,
        "f1-score": 0.19945736569806677,
        "support": 20000.0
    },
    "weighted avg": {
        "precision": 0.24678336696812048,
        "recall": 0.24375,
        "f1-score": 0.24516280792689413,
        "support": 20000.0
    },
    "time": 1.905085802078247
}