{
    "In poverty": {
        "precision": 0.18238993710691823,
        "recall": 0.06349206349206349,
        "f1-score": 0.09419407226958994,
        "support": 1827.0
    },
    "Near poverty": {
        "precision": 0.18877849210987727,
        "recall": 0.18176702307259426,
        "f1-score": 0.18520642201834864,
        "support": 1777.0
    },
    "Lower-middle income": {
        "precision": 0.18747873426335487,
        "recall": 0.3197910621009867,
        "f1-score": 0.23637923637923638,
        "support": 1723.0
    },
    "Middle income": {
        "precision": 0.17412045319022063,
        "recall": 0.16478555304740405,
        "f1-score": 0.16932444186720788,
        "support": 1772.0
    },
    "Higher income": {
        "precision": 0.1947314049586777,
        "recall": 0.20944444444444443,
        "f1-score": 0.20182012847965738,
        "support": 1800.0
    },
    "accuracy": 0.18642544106079334,
    "macro avg": {
        "precision": 0.18549980432580976,
        "recall": 0.18785602923149858,
        "f1-score": 0.17738486020280803,
        "support": 8899.0
    },
    "weighted avg": {
        "precision": 0.18550057609709436,
        "recall": 0.18642544106079334,
        "f1-score": 0.17662714333033447,
        "support": 8899.0
    },
    "time": 0.16694402694702148
}