{
    "Domestic": {
        "precision": 0.4774657086871326,
        "recall": 0.6263924592973437,
        "f1-score": 0.541882876204596,
        "support": 1167.0
    },
    "International": {
        "precision": 0.47784431137724553,
        "recall": 0.3327773144286906,
        "f1-score": 0.39233038348082594,
        "support": 1199.0
    },
    "accuracy": 0.4775993237531699,
    "macro avg": {
        "precision": 0.4776550100321891,
        "recall": 0.47958488686301715,
        "f1-score": 0.46710662984271095,
        "support": 2366.0
    },
    "weighted avg": {
        "precision": 0.4776575703208796,
        "recall": 0.4775993237531699,
        "f1-score": 0.46609528585134136,
        "support": 2366.0
    },
    "time": 0.017413854598999023
}