{
    "0": {
        "precision": 0.19476025704399408,
        "recall": 0.19798994974874373,
        "f1-score": 0.19636182407176675,
        "support": 3980.0
    },
    "1": {
        "precision": 0.20067235583139384,
        "recall": 0.20474934036939313,
        "f1-score": 0.20269034870053546,
        "support": 3790.0
    },
    "2": {
        "precision": 0.1372369624885636,
        "recall": 0.15734265734265734,
        "f1-score": 0.14660368138133245,
        "support": 2860.0
    },
    "3": {
        "precision": 0.3795275590551181,
        "recall": 0.35262037776004257,
        "f1-score": 0.3655795352685651,
        "support": 7518.0
    },
    "4": {
        "precision": 0.08886450905101481,
        "recall": 0.08747300215982722,
        "f1-score": 0.08816326530612245,
        "support": 1852.0
    },
    "accuracy": 0.24135,
    "macro avg": {
        "precision": 0.20021232869401687,
        "recall": 0.20003506547613278,
        "f1-score": 0.19987973094566444,
        "support": 20000.0
    },
    "weighted avg": {
        "precision": 0.24730285120461143,
        "recall": 0.24135,
        "f1-score": 0.24403541618136415,
        "support": 20000.0
    },
    "time": 2.1241841316223145
}