{
    "0": {
        "precision": 0.21329639889196675,
        "recall": 0.210727969348659,
        "f1-score": 0.21200440528634362,
        "support": 1827.0
    },
    "1": {
        "precision": 0.19291109819872168,
        "recall": 0.18683173888576252,
        "f1-score": 0.18982275586049172,
        "support": 1777.0
    },
    "2": {
        "precision": 0.19377568995889607,
        "recall": 0.1915264074289031,
        "f1-score": 0.19264448336252188,
        "support": 1723.0
    },
    "3": {
        "precision": 0.1970842332613391,
        "recall": 0.20598194130925507,
        "f1-score": 0.20143487858719647,
        "support": 1772.0
    },
    "4": {
        "precision": 0.21232123212321233,
        "recall": 0.21444444444444444,
        "f1-score": 0.21337755666113875,
        "support": 1800.0
    },
    "accuracy": 0.20204517361501292,
    "macro avg": {
        "precision": 0.2018777304868272,
        "recall": 0.20190250028340487,
        "f1-score": 0.20185681595153845,
        "support": 8899.0
    },
    "weighted avg": {
        "precision": 0.20202073662600345,
        "recall": 0.20204517361501292,
        "f1-score": 0.20199974573574905,
        "support": 8899.0
    },
    "time": 0.5588281154632568
}