{
    "0": {
        "precision": 0.13636363636363635,
        "recall": 0.09230769230769231,
        "f1-score": 0.11009174311926606,
        "support": 65.0
    },
    "1": {
        "precision": 0.08928571428571429,
        "recall": 0.09433962264150944,
        "f1-score": 0.09174311926605505,
        "support": 53.0
    },
    "2": {
        "precision": 0.12,
        "recall": 0.1111111111111111,
        "f1-score": 0.11538461538461539,
        "support": 54.0
    },
    "3": {
        "precision": 0.22807017543859648,
        "recall": 0.24074074074074073,
        "f1-score": 0.23423423423423423,
        "support": 54.0
    },
    "4": {
        "precision": 0.14634146341463414,
        "recall": 0.10909090909090909,
        "f1-score": 0.125,
        "support": 55.0
    },
    "5": {
        "precision": 0.28378378378378377,
        "recall": 0.3620689655172414,
        "f1-score": 0.3181818181818182,
        "support": 58.0
    },
    "6": {
        "precision": 0.1643835616438356,
        "recall": 0.21428571428571427,
        "f1-score": 0.18604651162790697,
        "support": 56.0
    },
    "accuracy": 0.17468354430379746,
    "macro avg": {
        "precision": 0.1668897621328858,
        "recall": 0.17484925081355976,
        "f1-score": 0.16866886311627086,
        "support": 395.0
    },
    "weighted avg": {
        "precision": 0.1673551597310951,
        "recall": 0.17468354430379746,
        "f1-score": 0.16872383951640338,
        "support": 395.0
    },
    "time": 0.018420934677124023
}