{
    "0": {
        "precision": 0.532015065913371,
        "recall": 0.5315645874494308,
        "f1-score": 0.5317897312814721,
        "support": 10629.0
    },
    "1": {
        "precision": 0.21921848119931187,
        "recall": 0.21577164973391388,
        "f1-score": 0.21748140924052176,
        "support": 4134.0
    },
    "2": {
        "precision": 0.12931361395525218,
        "recall": 0.12714392244593586,
        "f1-score": 0.12821959014852416,
        "support": 2682.0
    },
    "3": {
        "precision": 0.07947019867549669,
        "recall": 0.08016032064128256,
        "f1-score": 0.07981376787495843,
        "support": 1497.0
    },
    "4": {
        "precision": 0.045263157894736845,
        "recall": 0.04908675799086758,
        "f1-score": 0.047097480832420595,
        "support": 876.0
    },
    "5": {
        "precision": 0.0058823529411764705,
        "recall": 0.008,
        "f1-score": 0.006779661016949152,
        "support": 125.0
    },
    "6": {
        "precision": 0.0,
        "recall": 0.0,
        "f1-score": 0.0,
        "support": 57.0
    },
    "accuracy": 0.35235,
    "macro avg": {
        "precision": 0.14445183865419214,
        "recall": 0.1445324626087758,
        "f1-score": 0.14445452005640655,
        "support": 20000.0
    },
    "weighted avg": {
        "precision": 0.3533604578674908,
        "recall": 0.35235,
        "f1-score": 0.3528466100857279,
        "support": 20000.0
    },
    "time": 1.2186250686645508
}