{
    "Female": {
        "precision": 0.34243697478991597,
        "recall": 0.3155856727976767,
        "f1-score": 0.32846347607052895,
        "support": 1033.0
    },
    "Male": {
        "precision": 0.32301480484522205,
        "recall": 0.5,
        "f1-score": 0.39247751430907607,
        "support": 960.0
    },
    "Nonbinary": {
        "precision": 0.3434343434343434,
        "recall": 0.19634263715110684,
        "f1-score": 0.24984690753214941,
        "support": 1039.0
    },
    "accuracy": 0.33311345646437995,
    "macro avg": {
        "precision": 0.3362953743564938,
        "recall": 0.3373094366495945,
        "f1-score": 0.3235959659705848,
        "support": 3032.0
    },
    "weighted avg": {
        "precision": 0.3366292514636145,
        "recall": 0.33311345646437995,
        "f1-score": 0.32179159678214797,
        "support": 3032.0
    },
    "time": 0.03474092483520508
}