{
    "Domestic": {
        "precision": 0.48590504451038574,
        "recall": 0.5612682090831191,
        "f1-score": 0.5208747514910537,
        "support": 1167.0
    },
    "International": {
        "precision": 0.49705304518664045,
        "recall": 0.42201834862385323,
        "f1-score": 0.4564727108705458,
        "support": 1199.0
    },
    "accuracy": 0.4907016060862215,
    "macro avg": {
        "precision": 0.4914790448485131,
        "recall": 0.4916432788534862,
        "f1-score": 0.4886737311807997,
        "support": 2366.0
    },
    "weighted avg": {
        "precision": 0.49155443284970507,
        "recall": 0.4907016060862215,
        "f1-score": 0.4882382144225883,
        "support": 2366.0
    },
    "time": 0.02165079116821289
}