{
    "0": {
        "precision": 0.4991304347826087,
        "recall": 0.49185946872322195,
        "f1-score": 0.4954682779456193,
        "support": 1167.0
    },
    "1": {
        "precision": 0.5123355263157895,
        "recall": 0.5195996663886572,
        "f1-score": 0.5159420289855072,
        "support": 1199.0
    },
    "accuracy": 0.5059171597633136,
    "macro avg": {
        "precision": 0.5057329805491991,
        "recall": 0.5057295675559396,
        "f1-score": 0.5057051534655632,
        "support": 2366.0
    },
    "weighted avg": {
        "precision": 0.505822279562103,
        "recall": 0.5059171597633136,
        "f1-score": 0.5058436065579717,
        "support": 2366.0
    },
    "time": 0.09962129592895508
}