{
    "0": {
        "precision": 0.9417033143837821,
        "recall": 0.932105319035991,
        "f1-score": 0.9368797353537509,
        "support": 18838.0
    },
    "1": {
        "precision": 0.055391432791728215,
        "recall": 0.06454388984509467,
        "f1-score": 0.05961844197138315,
        "support": 1162.0
    },
    "accuracy": 0.8817,
    "macro avg": {
        "precision": 0.49854737358775514,
        "recall": 0.49832460444054283,
        "f1-score": 0.498249088662567,
        "support": 20000.0
    },
    "weighted avg": {
        "precision": 0.8902085940632837,
        "recall": 0.8817,
        "f1-score": 0.8859108542082352,
        "support": 20000.0
    },
    "time": 1.0580270290374756
}