{
    "0": {
        "precision": 0.5449880886934213,
        "recall": 0.5426512179545662,
        "f1-score": 0.5438171428571429,
        "support": 10961.0
    },
    "1": {
        "precision": 0.3975539024082713,
        "recall": 0.39245705750560117,
        "f1-score": 0.39498903852176637,
        "support": 8034.0
    },
    "2": {
        "precision": 0.05194805194805195,
        "recall": 0.05970149253731343,
        "f1-score": 0.05555555555555555,
        "support": 1005.0
    },
    "accuracy": 0.45805,
    "macro avg": {
        "precision": 0.33149668101658153,
        "recall": 0.33160325599916024,
        "f1-score": 0.3314539123114883,
        "support": 20000.0
    },
    "weighted avg": {
        "precision": 0.46098851421622167,
        "recall": 0.45805,
        "f1-score": 0.4594977485837174,
        "support": 20000.0
    },
    "time": 1.3321499824523926
}