{
    "In poverty": {
        "precision": 0.22003424657534246,
        "recall": 0.14066776135741654,
        "f1-score": 0.17161936560934893,
        "support": 1827.0
    },
    "Near poverty": {
        "precision": 0.20825335892514396,
        "recall": 0.2442318514350028,
        "f1-score": 0.22481222481222482,
        "support": 1777.0
    },
    "Lower-middle income": {
        "precision": 0.19061913696060037,
        "recall": 0.2948345908299478,
        "f1-score": 0.2315405651777575,
        "support": 1723.0
    },
    "Middle income": {
        "precision": 0.1903914590747331,
        "recall": 0.24153498871331827,
        "f1-score": 0.21293532338308457,
        "support": 1772.0
    },
    "Higher income": {
        "precision": 0.22070844686648503,
        "recall": 0.09,
        "f1-score": 0.12786108918705605,
        "support": 1800.0
    },
    "accuracy": 0.20103382402517136,
    "macro avg": {
        "precision": 0.20600132968046098,
        "recall": 0.20225383846713707,
        "f1-score": 0.19375371363389438,
        "support": 8899.0
    },
    "weighted avg": {
        "precision": 0.20622029780046588,
        "recall": 0.20103382402517136,
        "f1-score": 0.19321897424793877,
        "support": 8899.0
    },
    "time": 0.1762239933013916
}