{
    "European American or white": {
        "precision": 0.14678899082568808,
        "recall": 0.24615384615384617,
        "f1-score": 0.1839080459770115,
        "support": 65.0
    },
    "Latino/a/x American": {
        "precision": 0.11728395061728394,
        "recall": 0.3584905660377358,
        "f1-score": 0.17674418604651163,
        "support": 53.0
    },
    "African American or Black": {
        "precision": 0.3333333333333333,
        "recall": 0.018518518518518517,
        "f1-score": 0.03508771929824561,
        "support": 54.0
    },
    "Asian American": {
        "precision": 0.13114754098360656,
        "recall": 0.14814814814814814,
        "f1-score": 0.1391304347826087,
        "support": 54.0
    },
    "Multiracial": {
        "precision": 0.0,
        "recall": 0.0,
        "f1-score": 0.0,
        "support": 55.0
    },
    "American Indian or Alaska Native": {
        "precision": 0.0,
        "recall": 0.0,
        "f1-score": 0.0,
        "support": 58.0
    },
    "Pacific Islander": {
        "precision": 0.07317073170731707,
        "recall": 0.05357142857142857,
        "f1-score": 0.061855670103092786,
        "support": 56.0
    },
    "accuracy": 0.1189873417721519,
    "macro avg": {
        "precision": 0.11453207820960414,
        "recall": 0.11784035820423959,
        "f1-score": 0.08524657945821003,
        "support": 395.0
    },
    "weighted avg": {
        "precision": 0.11376420753192475,
        "recall": 0.1189873417721519,
        "f1-score": 0.08656496884838022,
        "support": 395.0
    },
    "time": 0.01295018196105957
}