{
    "0": {
        "precision": 0.4987755102040816,
        "recall": 0.5235646958011997,
        "f1-score": 0.5108695652173914,
        "support": 1167.0
    },
    "1": {
        "precision": 0.5127081507449606,
        "recall": 0.48790658882402,
        "f1-score": 0.5,
        "support": 1199.0
    },
    "accuracy": 0.5054945054945055,
    "macro avg": {
        "precision": 0.5057418304745211,
        "recall": 0.5057356423126098,
        "f1-score": 0.5054347826086957,
        "support": 2366.0
    },
    "weighted avg": {
        "precision": 0.505836049514527,
        "recall": 0.5054945054945055,
        "f1-score": 0.5053612775184682,
        "support": 2366.0
    },
    "time": 0.10914826393127441
}