{
    "0": {
        "precision": 0.11538461538461539,
        "recall": 0.09230769230769231,
        "f1-score": 0.10256410256410256,
        "support": 65.0
    },
    "1": {
        "precision": 0.13725490196078433,
        "recall": 0.1320754716981132,
        "f1-score": 0.1346153846153846,
        "support": 53.0
    },
    "2": {
        "precision": 0.1044776119402985,
        "recall": 0.12962962962962962,
        "f1-score": 0.11570247933884298,
        "support": 54.0
    },
    "3": {
        "precision": 0.13333333333333333,
        "recall": 0.14814814814814814,
        "f1-score": 0.14035087719298245,
        "support": 54.0
    },
    "4": {
        "precision": 0.16981132075471697,
        "recall": 0.16363636363636364,
        "f1-score": 0.16666666666666666,
        "support": 55.0
    },
    "5": {
        "precision": 0.14754098360655737,
        "recall": 0.15517241379310345,
        "f1-score": 0.15126050420168066,
        "support": 58.0
    },
    "6": {
        "precision": 0.11764705882352941,
        "recall": 0.10714285714285714,
        "f1-score": 0.11214953271028037,
        "support": 56.0
    },
    "accuracy": 0.13164556962025317,
    "macro avg": {
        "precision": 0.13220711797197646,
        "recall": 0.13258751090798676,
        "f1-score": 0.1319013638985629,
        "support": 395.0
    },
    "weighted avg": {
        "precision": 0.13190262236330402,
        "recall": 0.13164556962025317,
        "f1-score": 0.13126155201554549,
        "support": 395.0
    },
    "time": 0.01602315902709961
}