{
    "0": {
        "precision": 0.553352559480894,
        "recall": 0.5601678678952651,
        "f1-score": 0.5567393571201886,
        "support": 10961.0
    },
    "1": {
        "precision": 0.4111436204045287,
        "recall": 0.40229026636793624,
        "f1-score": 0.40666876376218936,
        "support": 8034.0
    },
    "2": {
        "precision": 0.04697986577181208,
        "recall": 0.04875621890547264,
        "f1-score": 0.0478515625,
        "support": 1005.0
    },
    "accuracy": 0.47105,
    "macro avg": {
        "precision": 0.3371586818857449,
        "recall": 0.33707145105622466,
        "f1-score": 0.3370865611274593,
        "support": 20000.0
    },
    "weighted avg": {
        "precision": 0.4707820007950367,
        "recall": 0.47105,
        "f1-score": 0.4708843880886158,
        "support": 20000.0
    },
    "time": 1.0452420711517334
}