{
    "0": {
        "precision": 0.3465447154471545,
        "recall": 0.33010648596321396,
        "f1-score": 0.3381259295984135,
        "support": 1033.0
    },
    "1": {
        "precision": 0.31479642502482624,
        "recall": 0.3302083333333333,
        "f1-score": 0.3223182511438739,
        "support": 960.0
    },
    "2": {
        "precision": 0.34966378482228627,
        "recall": 0.3503368623676612,
        "f1-score": 0.35,
        "support": 1039.0
    },
    "accuracy": 0.3370712401055409,
    "macro avg": {
        "precision": 0.33700164176475567,
        "recall": 0.33688389388806955,
        "f1-score": 0.3368147269140958,
        "support": 3032.0
    },
    "weighted avg": {
        "precision": 0.3375613230577504,
        "recall": 0.3370712401055409,
        "f1-score": 0.3371898437906597,
        "support": 3032.0
    },
    "time": 0.1724090576171875
}