{
    "0": {
        "precision": 0.34093264248704663,
        "recall": 0.31848983543078413,
        "f1-score": 0.32932932932932935,
        "support": 1033.0
    },
    "1": {
        "precision": 0.3157894736842105,
        "recall": 0.33125,
        "f1-score": 0.3233350279613625,
        "support": 960.0
    },
    "2": {
        "precision": 0.33962264150943394,
        "recall": 0.34648700673724736,
        "f1-score": 0.3430204859456884,
        "support": 1039.0
    },
    "accuracy": 0.3321240105540897,
    "macro avg": {
        "precision": 0.332114919226897,
        "recall": 0.33207561405601055,
        "f1-score": 0.3318949477454601,
        "support": 3032.0
    },
    "weighted avg": {
        "precision": 0.33252283606670946,
        "recall": 0.3321240105540897,
        "f1-score": 0.3321230570374919,
        "support": 3032.0
    },
    "time": 0.18158698081970215
}