{
    "0": {
        "precision": 0.35601577909270216,
        "recall": 0.3494675701839303,
        "f1-score": 0.3527112848070347,
        "support": 1033.0
    },
    "1": {
        "precision": 0.32708333333333334,
        "recall": 0.32708333333333334,
        "f1-score": 0.32708333333333334,
        "support": 960.0
    },
    "2": {
        "precision": 0.3534971644612476,
        "recall": 0.3599615014436959,
        "f1-score": 0.3567000476871722,
        "support": 1039.0
    },
    "accuracy": 0.345976253298153,
    "macro avg": {
        "precision": 0.34553209229576104,
        "recall": 0.3455041349869865,
        "f1-score": 0.3454982219425134,
        "support": 3032.0
    },
    "weighted avg": {
        "precision": 0.34599203617348206,
        "recall": 0.345976253298153,
        "f1-score": 0.3459637555252766,
        "support": 3032.0
    },
    "time": 0.12449908256530762
}