{
    "0": {
        "precision": 0.5520578923563998,
        "recall": 0.5567922634796095,
        "f1-score": 0.5544149709302325,
        "support": 10961.0
    },
    "1": {
        "precision": 0.4054122729005209,
        "recall": 0.39718695543938265,
        "f1-score": 0.4012574662055957,
        "support": 8034.0
    },
    "2": {
        "precision": 0.043761638733705775,
        "recall": 0.046766169154228855,
        "f1-score": 0.04521404521404521,
        "support": 1005.0
    },
    "accuracy": 0.46705,
    "macro avg": {
        "precision": 0.3337439346635422,
        "recall": 0.333581796024407,
        "f1-score": 0.33362882744995787,
        "support": 20000.0
    },
    "weighted avg": {
        "precision": 0.46760846027643294,
        "recall": 0.46705,
        "f1-score": 0.46730425476510745,
        "support": 20000.0
    },
    "time": 0.9727110862731934
}