{
    "0": {
        "precision": 0.19342507645259938,
        "recall": 0.19070351758793969,
        "f1-score": 0.19205465587044535,
        "support": 3980.0
    },
    "1": {
        "precision": 0.19192991770639767,
        "recall": 0.19076517150395778,
        "f1-score": 0.19134577213179832,
        "support": 3790.0
    },
    "2": {
        "precision": 0.1500810372771475,
        "recall": 0.1618881118881119,
        "f1-score": 0.15576114381833472,
        "support": 2860.0
    },
    "3": {
        "precision": 0.37027135409704587,
        "recall": 0.3684490555998936,
        "f1-score": 0.3693579571971465,
        "support": 7518.0
    },
    "4": {
        "precision": 0.09466437177280551,
        "recall": 0.08909287257019438,
        "f1-score": 0.0917941585535466,
        "support": 1852.0
    },
    "accuracy": 0.244,
    "macro avg": {
        "precision": 0.2000743514611992,
        "recall": 0.2001797458300195,
        "f1-score": 0.2000627375142543,
        "support": 20000.0
    },
    "weighted avg": {
        "precision": 0.24427482078130305,
        "recall": 0.244,
        "f1-score": 0.24409453909568204,
        "support": 20000.0
    },
    "time": 1.4296998977661133
}