{
    "0": {
        "precision": 0.21058755090168702,
        "recall": 0.19813902572523262,
        "f1-score": 0.2041737168640722,
        "support": 1827.0
    },
    "1": {
        "precision": 0.1971153846153846,
        "recall": 0.2076533483398987,
        "f1-score": 0.20224719101123595,
        "support": 1777.0
    },
    "2": {
        "precision": 0.20077220077220076,
        "recall": 0.21125943122460825,
        "f1-score": 0.20588235294117646,
        "support": 1723.0
    },
    "3": {
        "precision": 0.20499716070414536,
        "recall": 0.20372460496613995,
        "f1-score": 0.20435890178318708,
        "support": 1772.0
    },
    "4": {
        "precision": 0.20818915801614762,
        "recall": 0.20055555555555554,
        "f1-score": 0.20430107526881722,
        "support": 1800.0
    },
    "accuracy": 0.2041802449713451,
    "macro avg": {
        "precision": 0.2043322910019131,
        "recall": 0.204266393162287,
        "f1-score": 0.2041926475736978,
        "support": 8899.0
    },
    "weighted avg": {
        "precision": 0.20439863457537183,
        "recall": 0.2041802449713451,
        "f1-score": 0.2041824747386169,
        "support": 8899.0
    },
    "time": 0.5126018524169922
}