{
    "0": {
        "precision": 0.534572210168852,
        "recall": 0.5331639853231724,
        "f1-score": 0.5338671691003297,
        "support": 10629.0
    },
    "1": {
        "precision": 0.2130989646039008,
        "recall": 0.21407837445573294,
        "f1-score": 0.2135875467599855,
        "support": 4134.0
    },
    "2": {
        "precision": 0.1457936810049486,
        "recall": 0.14280387770320657,
        "f1-score": 0.14428329252213223,
        "support": 2682.0
    },
    "3": {
        "precision": 0.08865710560625815,
        "recall": 0.09084836339345358,
        "f1-score": 0.08973935994721215,
        "support": 1497.0
    },
    "4": {
        "precision": 0.05191873589164785,
        "recall": 0.05251141552511415,
        "f1-score": 0.05221339387060159,
        "support": 876.0
    },
    "5": {
        "precision": 0.0,
        "recall": 0.0,
        "f1-score": 0.0,
        "support": 125.0
    },
    "6": {
        "precision": 0.028985507246376812,
        "recall": 0.03508771929824561,
        "f1-score": 0.031746031746031744,
        "support": 57.0
    },
    "accuracy": 0.35595,
    "macro avg": {
        "precision": 0.15186088636028344,
        "recall": 0.15264196224270363,
        "f1-score": 0.15220525627804182,
        "support": 20000.0
    },
    "weighted avg": {
        "precision": 0.35668952338296106,
        "recall": 0.35595,
        "f1-score": 0.35631505639493455,
        "support": 20000.0
    },
    "time": 1.3155388832092285
}