{
    "0": {
        "precision": 0.5282585827675241,
        "recall": 0.5197102267381691,
        "f1-score": 0.5239495399791331,
        "support": 10629.0
    },
    "1": {
        "precision": 0.21142013290671918,
        "recall": 0.2077890662796323,
        "f1-score": 0.20958887397828474,
        "support": 4134.0
    },
    "2": {
        "precision": 0.13949339992864787,
        "recall": 0.14578672632363907,
        "f1-score": 0.14257064721969007,
        "support": 2682.0
    },
    "3": {
        "precision": 0.07160963244613434,
        "recall": 0.07548430193720775,
        "f1-score": 0.0734959349593496,
        "support": 1497.0
    },
    "4": {
        "precision": 0.04439511653718091,
        "recall": 0.045662100456621,
        "f1-score": 0.04501969611705121,
        "support": 876.0
    },
    "5": {
        "precision": 0.007042253521126761,
        "recall": 0.008,
        "f1-score": 0.00749063670411985,
        "support": 125.0
    },
    "6": {
        "precision": 0.0,
        "recall": 0.0,
        "f1-score": 0.0,
        "support": 57.0
    },
    "accuracy": 0.3464,
    "macro avg": {
        "precision": 0.14317415972961903,
        "recall": 0.14320463167646705,
        "f1-score": 0.14315933270823264,
        "support": 20000.0
    },
    "weighted avg": {
        "precision": 0.3504981313914799,
        "recall": 0.3464,
        "f1-score": 0.348413576966417,
        "support": 20000.0
    },
    "time": 1.63484787940979
}