{
    "Female": {
        "precision": 0.3773049645390071,
        "recall": 0.2575024201355276,
        "f1-score": 0.30609896432681244,
        "support": 1033.0
    },
    "Male": {
        "precision": 0.32134433962264153,
        "recall": 0.5677083333333334,
        "f1-score": 0.41039156626506024,
        "support": 960.0
    },
    "Nonbinary": {
        "precision": 0.358161648177496,
        "recall": 0.21751684311838307,
        "f1-score": 0.27065868263473053,
        "support": 1039.0
    },
    "accuracy": 0.34201846965699206,
    "macro avg": {
        "precision": 0.35227031744638154,
        "recall": 0.3475758655290813,
        "f1-score": 0.3290497377422011,
        "support": 3032.0
    },
    "weighted avg": {
        "precision": 0.35302656558804374,
        "recall": 0.34201846965699206,
        "f1-score": 0.32697576023137864,
        "support": 3032.0
    },
    "time": 0.035027265548706055
}