{
    "European American or white": {
        "precision": 0.11538461538461539,
        "recall": 0.046153846153846156,
        "f1-score": 0.06593406593406594,
        "support": 65.0
    },
    "Latino/a/x American": {
        "precision": 0.0,
        "recall": 0.0,
        "f1-score": 0.0,
        "support": 53.0
    },
    "African American or Black": {
        "precision": 0.14583333333333334,
        "recall": 0.25925925925925924,
        "f1-score": 0.18666666666666668,
        "support": 54.0
    },
    "Asian American": {
        "precision": 0.12056737588652482,
        "recall": 0.3148148148148148,
        "f1-score": 0.17435897435897435,
        "support": 54.0
    },
    "Multiracial": {
        "precision": 0.25,
        "recall": 0.03636363636363636,
        "f1-score": 0.06349206349206349,
        "support": 55.0
    },
    "American Indian or Alaska Native": {
        "precision": 0.0,
        "recall": 0.0,
        "f1-score": 0.0,
        "support": 58.0
    },
    "Pacific Islander": {
        "precision": 0.16666666666666666,
        "recall": 0.3392857142857143,
        "f1-score": 0.2235294117647059,
        "support": 56.0
    },
    "accuracy": 0.13924050632911392,
    "macro avg": {
        "precision": 0.11406457018159145,
        "recall": 0.14226818155389584,
        "f1-score": 0.1019973117452109,
        "support": 395.0
    },
    "weighted avg": {
        "precision": 0.1138454978005207,
        "recall": 0.13924050632911392,
        "f1-score": 0.10073622646072385,
        "support": 395.0
    },
    "time": 0.01949906349182129
}