{
    "0": {
        "precision": 0.2122060470324748,
        "recall": 0.20744389709906952,
        "f1-score": 0.2097979518405757,
        "support": 1827.0
    },
    "1": {
        "precision": 0.21226666666666666,
        "recall": 0.22397298818232977,
        "f1-score": 0.21796276013143484,
        "support": 1777.0
    },
    "2": {
        "precision": 0.18588235294117647,
        "recall": 0.18340104468949506,
        "f1-score": 0.18463336254747298,
        "support": 1723.0
    },
    "3": {
        "precision": 0.19603642206748795,
        "recall": 0.20654627539503387,
        "f1-score": 0.20115416323165705,
        "support": 1772.0
    },
    "4": {
        "precision": 0.21005385996409337,
        "recall": 0.195,
        "f1-score": 0.20224719101123595,
        "support": 1800.0
    },
    "accuracy": 0.20339363973480165,
    "macro avg": {
        "precision": 0.20328906973437982,
        "recall": 0.20327284107318566,
        "f1-score": 0.2031590857524753,
        "support": 8899.0
    },
    "weighted avg": {
        "precision": 0.20346635538280727,
        "recall": 0.20339363973480165,
        "f1-score": 0.20330757248031336,
        "support": 8899.0
    },
    "time": 0.4951608180999756
}