{
    "0": {
        "precision": 0.21424949290060852,
        "recall": 0.21231155778894473,
        "f1-score": 0.2132761231701161,
        "support": 3980.0
    },
    "1": {
        "precision": 0.19256756756756757,
        "recall": 0.19551451187335092,
        "f1-score": 0.19402985074626866,
        "support": 3790.0
    },
    "2": {
        "precision": 0.13594771241830064,
        "recall": 0.14545454545454545,
        "f1-score": 0.14054054054054055,
        "support": 2860.0
    },
    "3": {
        "precision": 0.3745906113537118,
        "recall": 0.36512370311252995,
        "f1-score": 0.3697965782028829,
        "support": 7518.0
    },
    "4": {
        "precision": 0.08791208791208792,
        "recall": 0.08639308855291576,
        "f1-score": 0.08714596949891068,
        "support": 1852.0
    },
    "accuracy": 0.24535,
    "macro avg": {
        "precision": 0.20105349443045525,
        "recall": 0.20095948135645733,
        "f1-score": 0.2009578124317438,
        "support": 20000.0
    },
    "weighted avg": {
        "precision": 0.24751699616561176,
        "recall": 0.24535,
        "f1-score": 0.24638415304663114,
        "support": 20000.0
    },
    "time": 1.3916058540344238
}