{
    "0": {
        "precision": 0.5285489269541248,
        "recall": 0.50512748141876,
        "f1-score": 0.5165728580362726,
        "support": 10629.0
    },
    "1": {
        "precision": 0.207409155261916,
        "recall": 0.21262699564586357,
        "f1-score": 0.20998566650740563,
        "support": 4134.0
    },
    "2": {
        "precision": 0.13664383561643836,
        "recall": 0.1487695749440716,
        "f1-score": 0.14244912531238843,
        "support": 2682.0
    },
    "3": {
        "precision": 0.07539936102236422,
        "recall": 0.0788243152972612,
        "f1-score": 0.07707380796864795,
        "support": 1497.0
    },
    "4": {
        "precision": 0.05119825708061002,
        "recall": 0.05365296803652968,
        "f1-score": 0.05239687848383501,
        "support": 876.0
    },
    "5": {
        "precision": 0.0,
        "recall": 0.0,
        "f1-score": 0.0,
        "support": 125.0
    },
    "6": {
        "precision": 0.0,
        "recall": 0.0,
        "f1-score": 0.0,
        "support": 57.0
    },
    "accuracy": 0.3406,
    "macro avg": {
        "precision": 0.1427427908479219,
        "recall": 0.142714476477498,
        "f1-score": 0.1426397623297928,
        "support": 20000.0
    },
    "weighted avg": {
        "precision": 0.3499788638112268,
        "recall": 0.3406,
        "f1-score": 0.3451030681788944,
        "support": 20000.0
    },
    "time": 1.774669885635376
}