{
    "0": {
        "precision": 0.48976109215017066,
        "recall": 0.49185946872322195,
        "f1-score": 0.49080803762291575,
        "support": 1167.0
    },
    "1": {
        "precision": 0.5033500837520938,
        "recall": 0.5012510425354462,
        "f1-score": 0.5022983702465524,
        "support": 1199.0
    },
    "accuracy": 0.49661876584953507,
    "macro avg": {
        "precision": 0.4965555879511322,
        "recall": 0.49655525562933406,
        "f1-score": 0.4965532039347341,
        "support": 2366.0
    },
    "weighted avg": {
        "precision": 0.4966474830760819,
        "recall": 0.49661876584953507,
        "f1-score": 0.4966309069448685,
        "support": 2366.0
    },
    "time": 0.10379290580749512
}