{
    "0": {
        "precision": 0.5515322874863189,
        "recall": 0.551683240580239,
        "f1-score": 0.5516077537058153,
        "support": 10961.0
    },
    "1": {
        "precision": 0.40476190476190477,
        "recall": 0.39992531740104553,
        "f1-score": 0.4023290758827949,
        "support": 8034.0
    },
    "2": {
        "precision": 0.051001821493624776,
        "recall": 0.05572139303482587,
        "f1-score": 0.05325725154541132,
        "support": 1005.0
    },
    "accuracy": 0.4658,
    "macro avg": {
        "precision": 0.3357653379139495,
        "recall": 0.33577665033870346,
        "f1-score": 0.33573136037800716,
        "support": 20000.0
    },
    "weighted avg": {
        "precision": 0.4674229688297889,
        "recall": 0.4658,
        "f1-score": 0.46660039609074766,
        "support": 20000.0
    },
    "time": 1.7370691299438477
}