{
    "0": {
        "precision": 0.3522388059701492,
        "recall": 0.3426911907066796,
        "f1-score": 0.34739941118743867,
        "support": 1033.0
    },
    "1": {
        "precision": 0.33134920634920634,
        "recall": 0.34791666666666665,
        "f1-score": 0.3394308943089431,
        "support": 960.0
    },
    "2": {
        "precision": 0.3258096172718351,
        "recall": 0.31953801732435033,
        "f1-score": 0.3226433430515063,
        "support": 1039.0
    },
    "accuracy": 0.33641160949868076,
    "macro avg": {
        "precision": 0.3364658765303969,
        "recall": 0.33671529156589886,
        "f1-score": 0.3364912161826294,
        "support": 3032.0
    },
    "weighted avg": {
        "precision": 0.33656798054348247,
        "recall": 0.33641160949868076,
        "f1-score": 0.33639303552893285,
        "support": 3032.0
    },
    "time": 0.15062904357910156
}