{
    "0": {
        "precision": 0.9413500751234171,
        "recall": 0.9312559719715469,
        "f1-score": 0.9362758179004109,
        "support": 18838.0
    },
    "1": {
        "precision": 0.050586510263929615,
        "recall": 0.05938037865748709,
        "f1-score": 0.05463182897862233,
        "support": 1162.0
    },
    "accuracy": 0.8806,
    "macro avg": {
        "precision": 0.4959682926936733,
        "recall": 0.495318175314517,
        "f1-score": 0.4954538234395166,
        "support": 20000.0
    },
    "weighted avg": {
        "precision": 0.889596712005081,
        "recall": 0.8806,
        "f1-score": 0.885052302144055,
        "support": 20000.0
    },
    "time": 1.9903411865234375
}