{
    "0": {
        "precision": 0.36302032913843174,
        "recall": 0.36302032913843174,
        "f1-score": 0.36302032913843174,
        "support": 1033.0
    },
    "1": {
        "precision": 0.3281703775411423,
        "recall": 0.353125,
        "f1-score": 0.3401906673356749,
        "support": 960.0
    },
    "2": {
        "precision": 0.35507246376811596,
        "recall": 0.33012512030798846,
        "f1-score": 0.34214463840399,
        "support": 1039.0
    },
    "accuracy": 0.3486147757255937,
    "macro avg": {
        "precision": 0.34875439014923,
        "recall": 0.34875681648214013,
        "f1-score": 0.34845187829269886,
        "support": 3032.0
    },
    "weighted avg": {
        "precision": 0.3492624842660188,
        "recall": 0.3486147757255937,
        "f1-score": 0.34863829813456243,
        "support": 3032.0
    },
    "time": 0.1381239891052246
}