{
    "0": {
        "precision": 0.5463794683776352,
        "recall": 0.5438372411276343,
        "f1-score": 0.5451053907000137,
        "support": 10961.0
    },
    "1": {
        "precision": 0.4021494626343414,
        "recall": 0.4005476723923326,
        "f1-score": 0.4013469693190322,
        "support": 8034.0
    },
    "2": {
        "precision": 0.04779411764705882,
        "recall": 0.051741293532338306,
        "f1-score": 0.049689440993788817,
        "support": 1005.0
    },
    "accuracy": 0.46155,
    "macro avg": {
        "precision": 0.3321076828863452,
        "recall": 0.33204206901743505,
        "f1-score": 0.3320472670042783,
        "support": 20000.0
    },
    "weighted avg": {
        "precision": 0.46338836119634264,
        "recall": 0.46155,
        "f1-score": 0.4624629813585356,
        "support": 20000.0
    },
    "time": 1.29343581199646
}