{
    "0": {
        "precision": 0.16363636363636364,
        "recall": 0.13846153846153847,
        "f1-score": 0.15,
        "support": 65.0
    },
    "1": {
        "precision": 0.16363636363636364,
        "recall": 0.16981132075471697,
        "f1-score": 0.16666666666666666,
        "support": 53.0
    },
    "2": {
        "precision": 0.11666666666666667,
        "recall": 0.12962962962962962,
        "f1-score": 0.12280701754385964,
        "support": 54.0
    },
    "3": {
        "precision": 0.05357142857142857,
        "recall": 0.05555555555555555,
        "f1-score": 0.05454545454545454,
        "support": 54.0
    },
    "4": {
        "precision": 0.10714285714285714,
        "recall": 0.10909090909090909,
        "f1-score": 0.10810810810810811,
        "support": 55.0
    },
    "5": {
        "precision": 0.19607843137254902,
        "recall": 0.1724137931034483,
        "f1-score": 0.1834862385321101,
        "support": 58.0
    },
    "6": {
        "precision": 0.16129032258064516,
        "recall": 0.17857142857142858,
        "f1-score": 0.1694915254237288,
        "support": 56.0
    },
    "accuracy": 0.13670886075949368,
    "macro avg": {
        "precision": 0.1374317762295534,
        "recall": 0.1362191678810324,
        "f1-score": 0.13644357297427542,
        "support": 395.0
    },
    "weighted avg": {
        "precision": 0.13873319564285866,
        "recall": 0.13670886075949368,
        "f1-score": 0.13731655703973022,
        "support": 395.0
    },
    "time": 0.016325950622558594
}