{
    "0": {
        "precision": 0.5342238689547582,
        "recall": 0.5154765264841471,
        "f1-score": 0.5246827866890112,
        "support": 10629.0
    },
    "1": {
        "precision": 0.2224522659305268,
        "recall": 0.2339138848572811,
        "f1-score": 0.22803914632708408,
        "support": 4134.0
    },
    "2": {
        "precision": 0.1384335154826958,
        "recall": 0.14168530947054436,
        "f1-score": 0.1400405380504883,
        "support": 2682.0
    },
    "3": {
        "precision": 0.07040417209908735,
        "recall": 0.07214428857715431,
        "f1-score": 0.07126360936984494,
        "support": 1497.0
    },
    "4": {
        "precision": 0.047670639219934995,
        "recall": 0.0502283105022831,
        "f1-score": 0.048916064480266815,
        "support": 876.0
    },
    "5": {
        "precision": 0.0,
        "recall": 0.0,
        "f1-score": 0.0,
        "support": 125.0
    },
    "6": {
        "precision": 0.0,
        "recall": 0.0,
        "f1-score": 0.0,
        "support": 57.0
    },
    "accuracy": 0.3489,
    "macro avg": {
        "precision": 0.1447406373838576,
        "recall": 0.14477833141305857,
        "f1-score": 0.14470602070238509,
        "support": 20000.0
    },
    "weighted avg": {
        "precision": 0.3558158192295255,
        "recall": 0.34889999999999993,
        "f1-score": 0.3522343994698224,
        "support": 20000.0
    },
    "time": 1.46077299118042
}