{
    "0": {
        "precision": 0.13725490196078433,
        "recall": 0.1076923076923077,
        "f1-score": 0.1206896551724138,
        "support": 65.0
    },
    "1": {
        "precision": 0.10294117647058823,
        "recall": 0.1320754716981132,
        "f1-score": 0.11570247933884298,
        "support": 53.0
    },
    "2": {
        "precision": 0.15217391304347827,
        "recall": 0.12962962962962962,
        "f1-score": 0.14,
        "support": 54.0
    },
    "3": {
        "precision": 0.1111111111111111,
        "recall": 0.1111111111111111,
        "f1-score": 0.1111111111111111,
        "support": 54.0
    },
    "4": {
        "precision": 0.16981132075471697,
        "recall": 0.16363636363636364,
        "f1-score": 0.16666666666666666,
        "support": 55.0
    },
    "5": {
        "precision": 0.14754098360655737,
        "recall": 0.15517241379310345,
        "f1-score": 0.15126050420168066,
        "support": 58.0
    },
    "6": {
        "precision": 0.16129032258064516,
        "recall": 0.17857142857142858,
        "f1-score": 0.1694915254237288,
        "support": 56.0
    },
    "accuracy": 0.13924050632911392,
    "macro avg": {
        "precision": 0.14030338993255448,
        "recall": 0.13969838944743676,
        "f1-score": 0.13927456313063485,
        "support": 395.0
    },
    "weighted avg": {
        "precision": 0.1405673418732807,
        "recall": 0.13924050632911392,
        "f1-score": 0.13916040588673045,
        "support": 395.0
    },
    "time": 0.03801393508911133
}