{
    "0": {
        "precision": 0.3268101761252446,
        "recall": 0.3233301064859632,
        "f1-score": 0.32506082725060825,
        "support": 1033.0
    },
    "1": {
        "precision": 0.3211100099108028,
        "recall": 0.3375,
        "f1-score": 0.3291010665312341,
        "support": 960.0
    },
    "2": {
        "precision": 0.3156843156843157,
        "recall": 0.3041385948026949,
        "f1-score": 0.30980392156862746,
        "support": 1039.0
    },
    "accuracy": 0.3212401055408971,
    "macro avg": {
        "precision": 0.32120150057345437,
        "recall": 0.32165623376288605,
        "f1-score": 0.3213219384501566,
        "support": 3032.0
    },
    "weighted avg": {
        "precision": 0.321192785437913,
        "recall": 0.3212401055408971,
        "f1-score": 0.3211118512301012,
        "support": 3032.0
    },
    "time": 0.25488996505737305
}