{
    "0": {
        "precision": 0.5461616816371886,
        "recall": 0.5380895903658426,
        "f1-score": 0.5420955882352941,
        "support": 10961.0
    },
    "1": {
        "precision": 0.40062189054726366,
        "recall": 0.4009210853871048,
        "f1-score": 0.4007714321264153,
        "support": 8034.0
    },
    "2": {
        "precision": 0.05857019810508183,
        "recall": 0.06766169154228856,
        "f1-score": 0.06278855032317636,
        "support": 1005.0
    },
    "accuracy": 0.45935,
    "macro avg": {
        "precision": 0.3351179234298447,
        "recall": 0.33555745576507867,
        "f1-score": 0.33521852356162857,
        "support": 20000.0
    },
    "weighted avg": {
        "precision": 0.4631968755088774,
        "recall": 0.45935,
        "f1-score": 0.46124049607127354,
        "support": 20000.0
    },
    "time": 1.613387107849121
}