{
    "European American or white": {
        "precision": 0.3333333333333333,
        "recall": 0.03076923076923077,
        "f1-score": 0.056338028169014086,
        "support": 65.0
    },
    "Latino/a/x American": {
        "precision": 0.13186813186813187,
        "recall": 0.22641509433962265,
        "f1-score": 0.16666666666666666,
        "support": 53.0
    },
    "African American or Black": {
        "precision": 0.14754098360655737,
        "recall": 0.3333333333333333,
        "f1-score": 0.20454545454545456,
        "support": 54.0
    },
    "Asian American": {
        "precision": 0.20270270270270271,
        "recall": 0.2777777777777778,
        "f1-score": 0.234375,
        "support": 54.0
    },
    "Multiracial": {
        "precision": 0.2857142857142857,
        "recall": 0.07272727272727272,
        "f1-score": 0.11594202898550725,
        "support": 55.0
    },
    "American Indian or Alaska Native": {
        "precision": 0.0,
        "recall": 0.0,
        "f1-score": 0.0,
        "support": 58.0
    },
    "Pacific Islander": {
        "precision": 0.1375,
        "recall": 0.19642857142857142,
        "f1-score": 0.16176470588235295,
        "support": 56.0
    },
    "accuracy": 0.1569620253164557,
    "macro avg": {
        "precision": 0.17695134817500158,
        "recall": 0.16249304005368698,
        "f1-score": 0.13423312632128506,
        "support": 395.0
    },
    "weighted avg": {
        "precision": 0.17970410741940104,
        "recall": 0.1569620253164557,
        "f1-score": 0.13071555654022393,
        "support": 395.0
    },
    "time": 0.010030031204223633
}