{
    "Domestic": {
        "precision": 0.5117647058823529,
        "recall": 0.596401028277635,
        "f1-score": 0.5508508112386229,
        "support": 1167.0
    },
    "International": {
        "precision": 0.5318091451292246,
        "recall": 0.4462051709758132,
        "f1-score": 0.4852607709750567,
        "support": 1199.0
    },
    "accuracy": 0.5202874049027895,
    "macro avg": {
        "precision": 0.5217869255057888,
        "recall": 0.521303099626724,
        "f1-score": 0.5180557911068397,
        "support": 2366.0
    },
    "weighted avg": {
        "precision": 0.5219224753908056,
        "recall": 0.5202874049027895,
        "f1-score": 0.5176122405387007,
        "support": 2366.0
    },
    "time": 0.017063140869140625
}