{
    "0": {
        "precision": 0.19425675675675674,
        "recall": 0.18883415435139572,
        "f1-score": 0.19150707743547044,
        "support": 1827.0
    },
    "1": {
        "precision": 0.20579710144927535,
        "recall": 0.19977490151941474,
        "f1-score": 0.2027412906910337,
        "support": 1777.0
    },
    "2": {
        "precision": 0.19290703922622246,
        "recall": 0.20835751596053395,
        "f1-score": 0.20033482142857142,
        "support": 1723.0
    },
    "3": {
        "precision": 0.189424753050552,
        "recall": 0.18397291196388263,
        "f1-score": 0.18665903235041512,
        "support": 1772.0
    },
    "4": {
        "precision": 0.19933920704845814,
        "recall": 0.2011111111111111,
        "f1-score": 0.2002212389380531,
        "support": 1800.0
    },
    "accuracy": 0.19631419260591076,
    "macro avg": {
        "precision": 0.19634497150625294,
        "recall": 0.19641011898126765,
        "f1-score": 0.19629269216870876,
        "support": 8899.0
    },
    "weighted avg": {
        "precision": 0.19636572733448038,
        "recall": 0.19631419260591076,
        "f1-score": 0.19625684197858534,
        "support": 8899.0
    },
    "time": 0.6532440185546875
}