{
    "European American or white": {
        "precision": 0.3333333333333333,
        "recall": 0.015384615384615385,
        "f1-score": 0.029411764705882353,
        "support": 65.0
    },
    "Latino/a/x American": {
        "precision": 0.14285714285714285,
        "recall": 0.05660377358490566,
        "f1-score": 0.08108108108108109,
        "support": 53.0
    },
    "African American or Black": {
        "precision": 0.20833333333333334,
        "recall": 0.2777777777777778,
        "f1-score": 0.23809523809523808,
        "support": 54.0
    },
    "Asian American": {
        "precision": 0.12962962962962962,
        "recall": 0.12962962962962962,
        "f1-score": 0.12962962962962962,
        "support": 54.0
    },
    "Multiracial": {
        "precision": 0.14166666666666666,
        "recall": 0.3090909090909091,
        "f1-score": 0.19428571428571428,
        "support": 55.0
    },
    "American Indian or Alaska Native": {
        "precision": 0.0,
        "recall": 0.0,
        "f1-score": 0.0,
        "support": 58.0
    },
    "Pacific Islander": {
        "precision": 0.144,
        "recall": 0.32142857142857145,
        "f1-score": 0.19889502762430938,
        "support": 56.0
    },
    "accuracy": 0.15443037974683543,
    "macro avg": {
        "precision": 0.15711715797430084,
        "recall": 0.15855932527091557,
        "f1-score": 0.12448549363169355,
        "support": 395.0
    },
    "weighted avg": {
        "precision": 0.16036395418927063,
        "recall": 0.15443037974683543,
        "f1-score": 0.12124060934936232,
        "support": 395.0
    },
    "time": 0.020231962203979492
}