{
    "0": {
        "precision": 0.48554913294797686,
        "recall": 0.5038560411311054,
        "f1-score": 0.4945332211942809,
        "support": 1167.0
    },
    "1": {
        "precision": 0.4987012987012987,
        "recall": 0.48040033361134277,
        "f1-score": 0.4893797790994053,
        "support": 1199.0
    },
    "accuracy": 0.4919695688926458,
    "macro avg": {
        "precision": 0.49212521582463775,
        "recall": 0.4921281873712241,
        "f1-score": 0.4919565001468431,
        "support": 2366.0
    },
    "weighted avg": {
        "precision": 0.49221415692863324,
        "recall": 0.4919695688926458,
        "f1-score": 0.4919216501580358,
        "support": 2366.0
    },
    "time": 0.13023018836975098
}