{
    "In poverty": {
        "precision": 0.2136150234741784,
        "recall": 0.14942528735632185,
        "f1-score": 0.1758454106280193,
        "support": 1827.0
    },
    "Near poverty": {
        "precision": 0.20021186440677965,
        "recall": 0.21271806415306696,
        "f1-score": 0.2062755798090041,
        "support": 1777.0
    },
    "Lower-middle income": {
        "precision": 0.19596330275229357,
        "recall": 0.3099245502031341,
        "f1-score": 0.24010791366906475,
        "support": 1723.0
    },
    "Middle income": {
        "precision": 0.18495297805642633,
        "recall": 0.06659142212189616,
        "f1-score": 0.0979253112033195,
        "support": 1772.0
    },
    "Higher income": {
        "precision": 0.19746835443037974,
        "recall": 0.26,
        "f1-score": 0.22446043165467625,
        "support": 1800.0
    },
    "accuracy": 0.19901112484548825,
    "macro avg": {
        "precision": 0.19844230462401152,
        "recall": 0.19973186476688382,
        "f1-score": 0.1889229293928168,
        "support": 8899.0
    },
    "weighted avg": {
        "precision": 0.1985476589134784,
        "recall": 0.19901112484548825,
        "f1-score": 0.18868183326446672,
        "support": 8899.0
    },
    "time": 0.17561602592468262
}