{
    "Female": {
        "precision": 0.34394904458598724,
        "recall": 0.31364956437560504,
        "f1-score": 0.3281012658227848,
        "support": 1033.0
    },
    "Male": {
        "precision": 0.31646932185145316,
        "recall": 0.6125,
        "f1-score": 0.41731724627395317,
        "support": 960.0
    },
    "Nonbinary": {
        "precision": 0.33189655172413796,
        "recall": 0.0741097208854668,
        "f1-score": 0.12116443745082613,
        "support": 1039.0
    },
    "accuracy": 0.32618733509234826,
    "macro avg": {
        "precision": 0.33077163938719273,
        "recall": 0.33341976175369065,
        "f1-score": 0.2888609831825214,
        "support": 3032.0
    },
    "weighted avg": {
        "precision": 0.3311182154604549,
        "recall": 0.32618733509234826,
        "f1-score": 0.2854363504384367,
        "support": 3032.0
    },
    "time": 0.036559104919433594
}