{
    "In poverty": {
        "precision": 0.19154228855721392,
        "recall": 0.12643678160919541,
        "f1-score": 0.152324431256182,
        "support": 1827.0
    },
    "Near poverty": {
        "precision": 0.1865482233502538,
        "recall": 0.1654473832301632,
        "f1-score": 0.17536534446764093,
        "support": 1777.0
    },
    "Lower-middle income": {
        "precision": 0.18699186991869918,
        "recall": 0.2536273940800929,
        "f1-score": 0.21527093596059113,
        "support": 1723.0
    },
    "Middle income": {
        "precision": 0.21309192200557103,
        "recall": 0.345372460496614,
        "f1-score": 0.26356589147286824,
        "support": 1772.0
    },
    "Higher income": {
        "precision": 0.20154185022026433,
        "recall": 0.10166666666666667,
        "f1-score": 0.13515509601181683,
        "support": 1800.0
    },
    "accuracy": 0.19743791437240138,
    "macro avg": {
        "precision": 0.19594323081040046,
        "recall": 0.19851013721654642,
        "f1-score": 0.18833633983381984,
        "support": 8899.0
    },
    "weighted avg": {
        "precision": 0.19597765615773652,
        "recall": 0.19743791437240138,
        "f1-score": 0.18779084258853057,
        "support": 8899.0
    },
    "time": 0.15580391883850098
}