{
    "Female": {
        "precision": 0.32783882783882784,
        "recall": 0.1732817037754114,
        "f1-score": 0.22672577580747308,
        "support": 1033.0
    },
    "Male": {
        "precision": 0.3038749150237933,
        "recall": 0.465625,
        "f1-score": 0.36774989716166184,
        "support": 960.0
    },
    "Nonbinary": {
        "precision": 0.34285714285714286,
        "recall": 0.33493743984600577,
        "f1-score": 0.3388510223953262,
        "support": 1039.0
    },
    "accuracy": 0.3212401055408971,
    "macro avg": {
        "precision": 0.324856961906588,
        "recall": 0.3246147145404724,
        "f1-score": 0.3111088984548204,
        "support": 3032.0
    },
    "weighted avg": {
        "precision": 0.3253977569290641,
        "recall": 0.3212401055408971,
        "f1-score": 0.309800079140191,
        "support": 3032.0
    },
    "time": 0.03568410873413086
}