{
    "0": {
        "precision": 0.4892703862660944,
        "recall": 0.4884318766066838,
        "f1-score": 0.4888507718696398,
        "support": 1167.0
    },
    "1": {
        "precision": 0.5029142381348876,
        "recall": 0.5037531276063386,
        "f1-score": 0.5033333333333333,
        "support": 1199.0
    },
    "accuracy": 0.49619611158072696,
    "macro avg": {
        "precision": 0.496092312200491,
        "recall": 0.49609250210651124,
        "f1-score": 0.4960920526014866,
        "support": 2366.0
    },
    "weighted avg": {
        "precision": 0.49618457831625623,
        "recall": 0.49619611158072696,
        "f1-score": 0.49618999046430107,
        "support": 2366.0
    },
    "time": 0.11294221878051758
}