{
    "0": {
        "precision": 0.9423138897840799,
        "recall": 0.9313090561630747,
        "f1-score": 0.9367791542076036,
        "support": 18838.0
    },
    "1": {
        "precision": 0.06367583212735166,
        "recall": 0.0757314974182444,
        "f1-score": 0.06918238993710692,
        "support": 1162.0
    },
    "accuracy": 0.8816,
    "macro avg": {
        "precision": 0.5029948609557158,
        "recall": 0.5035202767906596,
        "f1-score": 0.5029807720723553,
        "support": 20000.0
    },
    "weighted avg": {
        "precision": 0.8912650186342241,
        "recall": 0.8816,
        "f1-score": 0.8863717822034876,
        "support": 20000.0
    },
    "time": 2.390758991241455
}