{
    "0": {
        "precision": 0.5449578664691175,
        "recall": 0.5369035671927744,
        "f1-score": 0.5409007352941176,
        "support": 10961.0
    },
    "1": {
        "precision": 0.39851576994434135,
        "recall": 0.4010455563853622,
        "f1-score": 0.39977666108319376,
        "support": 8034.0
    },
    "2": {
        "precision": 0.053763440860215055,
        "recall": 0.05970149253731343,
        "f1-score": 0.056577086280056574,
        "support": 1005.0
    },
    "accuracy": 0.45835,
    "macro avg": {
        "precision": 0.33241235909122463,
        "recall": 0.3325502053718167,
        "f1-score": 0.3324181608857893,
        "support": 20000.0
    },
    "weighted avg": {
        "precision": 0.46144955640826757,
        "recall": 0.45835,
        "f1-score": 0.459873931320633,
        "support": 20000.0
    },
    "time": 1.6041028499603271
}