{
    "0": {
        "precision": 0.20593268682258983,
        "recall": 0.19759168035030103,
        "f1-score": 0.2016759776536313,
        "support": 1827.0
    },
    "1": {
        "precision": 0.19728292971057296,
        "recall": 0.1879572312886888,
        "f1-score": 0.192507204610951,
        "support": 1777.0
    },
    "2": {
        "precision": 0.18841364374661612,
        "recall": 0.2019733023795705,
        "f1-score": 0.1949579831932773,
        "support": 1723.0
    },
    "3": {
        "precision": 0.2027097446586764,
        "recall": 0.21952595936794583,
        "f1-score": 0.21078298564074777,
        "support": 1772.0
    },
    "4": {
        "precision": 0.22169531713100177,
        "recall": 0.20777777777777778,
        "f1-score": 0.21451104100946372,
        "support": 1800.0
    },
    "accuracy": 0.20294415102820543,
    "macro avg": {
        "precision": 0.20320686441389144,
        "recall": 0.20296519023285678,
        "f1-score": 0.2028870384216142,
        "support": 8899.0
    },
    "weighted avg": {
        "precision": 0.20336001027834105,
        "recall": 0.20294415102820543,
        "f1-score": 0.202953954734386,
        "support": 8899.0
    },
    "time": 0.5400948524475098
}