{
    "0": {
        "precision": 0.14583333333333334,
        "recall": 0.1076923076923077,
        "f1-score": 0.12389380530973451,
        "support": 65.0
    },
    "1": {
        "precision": 0.10869565217391304,
        "recall": 0.09433962264150944,
        "f1-score": 0.10101010101010101,
        "support": 53.0
    },
    "2": {
        "precision": 0.14814814814814814,
        "recall": 0.14814814814814814,
        "f1-score": 0.14814814814814814,
        "support": 54.0
    },
    "3": {
        "precision": 0.0847457627118644,
        "recall": 0.09259259259259259,
        "f1-score": 0.08849557522123894,
        "support": 54.0
    },
    "4": {
        "precision": 0.14925373134328357,
        "recall": 0.18181818181818182,
        "f1-score": 0.16393442622950818,
        "support": 55.0
    },
    "5": {
        "precision": 0.125,
        "recall": 0.1206896551724138,
        "f1-score": 0.12280701754385964,
        "support": 58.0
    },
    "6": {
        "precision": 0.07692307692307693,
        "recall": 0.08928571428571429,
        "f1-score": 0.08264462809917356,
        "support": 56.0
    },
    "accuracy": 0.1189873417721519,
    "macro avg": {
        "precision": 0.11979995780480276,
        "recall": 0.11922374605012398,
        "f1-score": 0.11870481450882342,
        "support": 395.0
    },
    "weighted avg": {
        "precision": 0.12046317708834846,
        "recall": 0.1189873417721519,
        "f1-score": 0.11886757821350766,
        "support": 395.0
    },
    "time": 0.01483297348022461
}