{
    "0": {
        "precision": 0.342911877394636,
        "recall": 0.3465634075508228,
        "f1-score": 0.34472797303803565,
        "support": 1033.0
    },
    "1": {
        "precision": 0.3156312625250501,
        "recall": 0.328125,
        "f1-score": 0.32175689479060265,
        "support": 960.0
    },
    "2": {
        "precision": 0.3424242424242424,
        "recall": 0.3262752646775746,
        "f1-score": 0.33415475603745687,
        "support": 1039.0
    },
    "accuracy": 0.3337730870712401,
    "macro avg": {
        "precision": 0.3336557941146429,
        "recall": 0.3336545574094658,
        "f1-score": 0.33354654128869843,
        "support": 3032.0
    },
    "weighted avg": {
        "precision": 0.3341071138692266,
        "recall": 0.3337730870712401,
        "f1-score": 0.33383159850599836,
        "support": 3032.0
    },
    "time": 0.27428102493286133
}