{
    "0": {
        "precision": 0.547207750662645,
        "recall": 0.5462092874737706,
        "f1-score": 0.5467080631905762,
        "support": 10961.0
    },
    "1": {
        "precision": 0.39894286433425624,
        "recall": 0.3945730644759771,
        "f1-score": 0.3967459324155194,
        "support": 8034.0
    },
    "2": {
        "precision": 0.04672057502246182,
        "recall": 0.051741293532338306,
        "f1-score": 0.049102927289896126,
        "support": 1005.0
    },
    "accuracy": 0.46045,
    "macro avg": {
        "precision": 0.3309570633397877,
        "recall": 0.33084121516069537,
        "f1-score": 0.3308523076319973,
        "support": 20000.0
    },
    "weighted avg": {
        "precision": 0.46250026524861204,
        "recall": 0.46045,
        "f1-score": 0.46146361717922674,
        "support": 20000.0
    },
    "time": 1.5521531105041504
}