{
    "0": {
        "precision": 0.3412322274881517,
        "recall": 0.34849951597289447,
        "f1-score": 0.3448275862068966,
        "support": 1033.0
    },
    "1": {
        "precision": 0.32602193419740777,
        "recall": 0.340625,
        "f1-score": 0.33316352521650533,
        "support": 960.0
    },
    "2": {
        "precision": 0.35523613963039014,
        "recall": 0.33301251203079885,
        "f1-score": 0.34376552409339295,
        "support": 1039.0
    },
    "accuracy": 0.3406992084432718,
    "macro avg": {
        "precision": 0.3408301004386498,
        "recall": 0.3407123426678978,
        "f1-score": 0.34058554517226497,
        "support": 3032.0
    },
    "weighted avg": {
        "precision": 0.3412151375002465,
        "recall": 0.3406992084432718,
        "f1-score": 0.34077053439729704,
        "support": 3032.0
    },
    "time": 0.24256682395935059
}