{
    "0": {
        "precision": 0.9424683951146346,
        "recall": 0.9339632657394628,
        "f1-score": 0.9381965552178319,
        "support": 18838.0
    },
    "1": {
        "precision": 0.06606606606606606,
        "recall": 0.0757314974182444,
        "f1-score": 0.07056936647955092,
        "support": 1162.0
    },
    "accuracy": 0.8841,
    "macro avg": {
        "precision": 0.5042672305903504,
        "recall": 0.5048473815788536,
        "f1-score": 0.5043829608486914,
        "support": 20000.0
    },
    "weighted avg": {
        "precision": 0.8915494197969128,
        "recall": 0.8841,
        "f1-score": 0.8877874155521378,
        "support": 20000.0
    },
    "time": 1.5787599086761475
}