{
    "0": {
        "precision": 0.48664944013781225,
        "recall": 0.48414738646101113,
        "f1-score": 0.4853951890034364,
        "support": 1167.0
    },
    "1": {
        "precision": 0.5004149377593361,
        "recall": 0.5029190992493745,
        "f1-score": 0.5016638935108153,
        "support": 1199.0
    },
    "accuracy": 0.49366018596787825,
    "macro avg": {
        "precision": 0.4935321889485742,
        "recall": 0.49353324285519284,
        "f1-score": 0.4935295412571259,
        "support": 2366.0
    },
    "weighted avg": {
        "precision": 0.49362527768988623,
        "recall": 0.49366018596787825,
        "f1-score": 0.49363955785565417,
        "support": 2366.0
    },
    "time": 0.08324408531188965
}