{
    "0": {
        "precision": 0.4921552436003303,
        "recall": 0.5107112253641817,
        "f1-score": 0.5012615643397813,
        "support": 1167.0
    },
    "1": {
        "precision": 0.5056277056277056,
        "recall": 0.4870725604670559,
        "f1-score": 0.49617672047578587,
        "support": 1199.0
    },
    "accuracy": 0.4987320371935757,
    "macro avg": {
        "precision": 0.49889147461401795,
        "recall": 0.49889189291561875,
        "f1-score": 0.4987191424077836,
        "support": 2366.0
    },
    "weighted avg": {
        "precision": 0.4989825817114136,
        "recall": 0.4987320371935757,
        "f1-score": 0.49868475631233816,
        "support": 2366.0
    },
    "time": 0.08827400207519531
}