{
    "Female": {
        "precision": 0.3456521739130435,
        "recall": 0.30784123910939015,
        "f1-score": 0.32565284178187404,
        "support": 1033.0
    },
    "Male": {
        "precision": 0.3226047904191617,
        "recall": 0.44895833333333335,
        "f1-score": 0.37543554006968644,
        "support": 960.0
    },
    "Nonbinary": {
        "precision": 0.34664948453608246,
        "recall": 0.25890279114533205,
        "f1-score": 0.29641873278236913,
        "support": 1039.0
    },
    "accuracy": 0.33575197889182057,
    "macro avg": {
        "precision": 0.33830214962276256,
        "recall": 0.33856745452935183,
        "f1-score": 0.3325023715446432,
        "support": 3032.0
    },
    "weighted avg": {
        "precision": 0.3386966058336276,
        "recall": 0.33575197889182057,
        "f1-score": 0.3313972847587257,
        "support": 3032.0
    },
    "time": 0.03197813034057617
}