{
    "0": {
        "precision": 0.21452328159645231,
        "recall": 0.21182266009852216,
        "f1-score": 0.21316441751583587,
        "support": 1827.0
    },
    "1": {
        "precision": 0.18192026951151039,
        "recall": 0.1823297692740574,
        "f1-score": 0.1821247892074199,
        "support": 1777.0
    },
    "2": {
        "precision": 0.20162162162162162,
        "recall": 0.21648287869994196,
        "f1-score": 0.2087881332213826,
        "support": 1723.0
    },
    "3": {
        "precision": 0.1953405017921147,
        "recall": 0.1845372460496614,
        "f1-score": 0.1897852582704585,
        "support": 1772.0
    },
    "4": {
        "precision": 0.20335195530726258,
        "recall": 0.20222222222222222,
        "f1-score": 0.20278551532033426,
        "support": 1800.0
    },
    "accuracy": 0.1994606135520845,
    "macro avg": {
        "precision": 0.1993515259657923,
        "recall": 0.19947895526888101,
        "f1-score": 0.19932962270708623,
        "support": 8899.0
    },
    "weighted avg": {
        "precision": 0.1994355879516155,
        "recall": 0.1994606135520845,
        "f1-score": 0.19936425441008132,
        "support": 8899.0
    },
    "time": 0.9582481384277344
}