,gpa,student semester
count,23341.0,25000.0
mean,2.997364723019579,6.9652
std,0.576018348784829,4.313274061930835
min,2.0,0.0
25%,2.5,3.0
50%,3.0,7.0
75%,3.49,11.0
max,4.0,14.0
