{
    "0": {
        "precision": 0.49517684887459806,
        "recall": 0.5278491859468724,
        "f1-score": 0.5109912899211946,
        "support": 1167.0
    },
    "1": {
        "precision": 0.5089126559714795,
        "recall": 0.4762301918265221,
        "f1-score": 0.4920292977165015,
        "support": 1199.0
    },
    "accuracy": 0.5016906170752324,
    "macro avg": {
        "precision": 0.5020447524230388,
        "recall": 0.5020396888866973,
        "f1-score": 0.501510293818848,
        "support": 2366.0
    },
    "weighted avg": {
        "precision": 0.5021376403831191,
        "recall": 0.5016906170752324,
        "f1-score": 0.5013820639476413,
        "support": 2366.0
    },
    "time": 0.10210514068603516
}