{
    "Female": {
        "precision": 0.3429844097995546,
        "recall": 0.29816069699903197,
        "f1-score": 0.3190056965302952,
        "support": 1033.0
    },
    "Male": {
        "precision": 0.3061760840998686,
        "recall": 0.48541666666666666,
        "f1-score": 0.37550362610797744,
        "support": 960.0
    },
    "Nonbinary": {
        "precision": 0.3415032679738562,
        "recall": 0.20115495668912417,
        "f1-score": 0.2531798909751666,
        "support": 1039.0
    },
    "accuracy": 0.3242084432717678,
    "macro avg": {
        "precision": 0.33022125395775975,
        "recall": 0.3282441067849409,
        "f1-score": 0.31589640453781304,
        "support": 3032.0
    },
    "weighted avg": {
        "precision": 0.3308225037874836,
        "recall": 0.3242084432717678,
        "f1-score": 0.3143371610496871,
        "support": 3032.0
    },
    "time": 0.03617501258850098
}