{
    "In poverty": {
        "precision": 0.1939799331103679,
        "recall": 0.09523809523809523,
        "f1-score": 0.1277533039647577,
        "support": 1827.0
    },
    "Near poverty": {
        "precision": 0.1921793037672866,
        "recall": 0.22678671918964546,
        "f1-score": 0.2080536912751678,
        "support": 1777.0
    },
    "Lower-middle income": {
        "precision": 0.18696140876732859,
        "recall": 0.289611143354614,
        "f1-score": 0.2272313296903461,
        "support": 1723.0
    },
    "Middle income": {
        "precision": 0.19431920649233544,
        "recall": 0.24322799097065462,
        "f1-score": 0.21604010025062656,
        "support": 1772.0
    },
    "Higher income": {
        "precision": 0.1994106090373281,
        "recall": 0.11277777777777778,
        "f1-score": 0.1440738112136267,
        "support": 1800.0
    },
    "accuracy": 0.1921564220698955,
    "macro avg": {
        "precision": 0.19337009223492935,
        "recall": 0.19352834530615742,
        "f1-score": 0.18463044727890499,
        "support": 8899.0
    },
    "weighted avg": {
        "precision": 0.1934274860169487,
        "recall": 0.1921564220698955,
        "f1-score": 0.18392990163217104,
        "support": 8899.0
    },
    "time": 0.2322220802307129
}