career aspirations,future topics
0.00041925717833905606,0.0004261526367117684
0.0008546074612648735,0.0006786547809415316
0.0004644180875671689,0.0004613483130167717
