{
    "0": {
        "precision": 0.35531496062992124,
        "recall": 0.3494675701839303,
        "f1-score": 0.3523670082967301,
        "support": 1033.0
    },
    "1": {
        "precision": 0.3102409638554217,
        "recall": 0.321875,
        "f1-score": 0.3159509202453988,
        "support": 960.0
    },
    "2": {
        "precision": 0.3509803921568627,
        "recall": 0.34456207892204044,
        "f1-score": 0.34774162214667315,
        "support": 1039.0
    },
    "accuracy": 0.3390501319261214,
    "macro avg": {
        "precision": 0.3388454388807352,
        "recall": 0.33863488303532363,
        "f1-score": 0.33868651689626733,
        "support": 3032.0
    },
    "weighted avg": {
        "precision": 0.3395581487740415,
        "recall": 0.3390501319261214,
        "f1-score": 0.339251829952671,
        "support": 3032.0
    },
    "time": 0.17726707458496094
}