{
    "0": {
        "precision": 0.09836065573770492,
        "recall": 0.09230769230769231,
        "f1-score": 0.09523809523809523,
        "support": 65.0
    },
    "1": {
        "precision": 0.06666666666666667,
        "recall": 0.07547169811320754,
        "f1-score": 0.07079646017699115,
        "support": 53.0
    },
    "2": {
        "precision": 0.13793103448275862,
        "recall": 0.14814814814814814,
        "f1-score": 0.14285714285714285,
        "support": 54.0
    },
    "3": {
        "precision": 0.15,
        "recall": 0.16666666666666666,
        "f1-score": 0.15789473684210525,
        "support": 54.0
    },
    "4": {
        "precision": 0.12195121951219512,
        "recall": 0.09090909090909091,
        "f1-score": 0.10416666666666667,
        "support": 55.0
    },
    "5": {
        "precision": 0.17142857142857143,
        "recall": 0.20689655172413793,
        "f1-score": 0.1875,
        "support": 58.0
    },
    "6": {
        "precision": 0.044444444444444446,
        "recall": 0.03571428571428571,
        "f1-score": 0.039603960396039604,
        "support": 56.0
    },
    "accuracy": 0.11645569620253164,
    "macro avg": {
        "precision": 0.1129689417531916,
        "recall": 0.11658773336903273,
        "f1-score": 0.11400815173957725,
        "support": 395.0
    },
    "weighted avg": {
        "precision": 0.11294712638802501,
        "recall": 0.11645569620253164,
        "f1-score": 0.11393741400623039,
        "support": 395.0
    },
    "time": 0.013142108917236328
}