{
    "0": {
        "precision": 0.536768149882904,
        "recall": 0.5390911656788032,
        "f1-score": 0.5379271498310176,
        "support": 10629.0
    },
    "1": {
        "precision": 0.20170109356014582,
        "recall": 0.200774068698597,
        "f1-score": 0.20123651351678992,
        "support": 4134.0
    },
    "2": {
        "precision": 0.13325652841781874,
        "recall": 0.12938105891126025,
        "f1-score": 0.13129020052970108,
        "support": 2682.0
    },
    "3": {
        "precision": 0.08263933376041,
        "recall": 0.08617234468937876,
        "f1-score": 0.08436886854153042,
        "support": 1497.0
    },
    "4": {
        "precision": 0.04275534441805225,
        "recall": 0.0410958904109589,
        "f1-score": 0.04190919674039581,
        "support": 876.0
    },
    "5": {
        "precision": 0.013071895424836602,
        "recall": 0.016,
        "f1-score": 0.014388489208633094,
        "support": 125.0
    },
    "6": {
        "precision": 0.0,
        "recall": 0.0,
        "f1-score": 0.0,
        "support": 57.0
    },
    "accuracy": 0.3537,
    "macro avg": {
        "precision": 0.14431319220916677,
        "recall": 0.14464493262699976,
        "f1-score": 0.14444577405258113,
        "support": 20000.0
    },
    "weighted avg": {
        "precision": 0.35296668731886355,
        "recall": 0.35369999999999996,
        "f1-score": 0.35332354769776464,
        "support": 20000.0
    },
    "time": 1.322350025177002
}