Model,Career MSE
GRU1,8.571908704182722e-05
LSTM2,0.00018040167550350443
LSTM1,0.00025246462979279744
Simple1,0.0005509629377721936
Simple2,0.0007780021504737405
