Model,Future MSE
GRU1,0.0010165111196322229
LSTM1,0.0010263322695611267
LSTM2,0.001573181520881548
Simple1,0.0022149887480396166
Simple2,0.005367078217096243
