{
    "Female": {
        "precision": 0.327683615819209,
        "recall": 0.2245885769603098,
        "f1-score": 0.2665134979896611,
        "support": 1033.0
    },
    "Male": {
        "precision": 0.3223228556206713,
        "recall": 0.6302083333333334,
        "f1-score": 0.426506873457878,
        "support": 960.0
    },
    "Nonbinary": {
        "precision": 0.36017897091722595,
        "recall": 0.15495668912415783,
        "f1-score": 0.21668909825033647,
        "support": 1039.0
    },
    "accuracy": 0.329155672823219,
    "macro avg": {
        "precision": 0.3367284807857021,
        "recall": 0.336584533139267,
        "f1-score": 0.30323648989929186,
        "support": 3032.0
    },
    "weighted avg": {
        "precision": 0.33712172405016,
        "recall": 0.329155672823219,
        "f1-score": 0.300097300469981,
        "support": 3032.0
    },
    "time": 0.03249192237854004
}