{
    "European American or white": {
        "precision": 0.2857142857142857,
        "recall": 0.06153846153846154,
        "f1-score": 0.10126582278481013,
        "support": 65.0
    },
    "Latino/a/x American": {
        "precision": 0.12371134020618557,
        "recall": 0.22641509433962265,
        "f1-score": 0.16,
        "support": 53.0
    },
    "African American or Black": {
        "precision": 0.23076923076923078,
        "recall": 0.1111111111111111,
        "f1-score": 0.15,
        "support": 54.0
    },
    "Asian American": {
        "precision": 0.0967741935483871,
        "recall": 0.05555555555555555,
        "f1-score": 0.07058823529411765,
        "support": 54.0
    },
    "Multiracial": {
        "precision": 0.15714285714285714,
        "recall": 0.2,
        "f1-score": 0.176,
        "support": 55.0
    },
    "American Indian or Alaska Native": {
        "precision": 0.15,
        "recall": 0.05172413793103448,
        "f1-score": 0.07692307692307693,
        "support": 58.0
    },
    "Pacific Islander": {
        "precision": 0.145985401459854,
        "recall": 0.35714285714285715,
        "f1-score": 0.20725388601036268,
        "support": 56.0
    },
    "accuracy": 0.14936708860759493,
    "macro avg": {
        "precision": 0.17001390126297147,
        "recall": 0.1519267453740918,
        "f1-score": 0.13457586014462392,
        "support": 395.0
    },
    "weighted avg": {
        "precision": 0.17299623832940944,
        "recall": 0.14936708860759493,
        "f1-score": 0.13347290953168045,
        "support": 395.0
    },
    "time": 0.021013975143432617
}