{
    "In poverty": {
        "precision": 0.20758693361433087,
        "recall": 0.10782703886152162,
        "f1-score": 0.1419308357348703,
        "support": 1827.0
    },
    "Near poverty": {
        "precision": 0.19797486033519554,
        "recall": 0.31907709622960045,
        "f1-score": 0.24434389140271492,
        "support": 1777.0
    },
    "Lower-middle income": {
        "precision": 0.19745468569224836,
        "recall": 0.2971561230412072,
        "f1-score": 0.23725671918443003,
        "support": 1723.0
    },
    "Middle income": {
        "precision": 0.19775014801657786,
        "recall": 0.18848758465011287,
        "f1-score": 0.1930078012135221,
        "support": 1772.0
    },
    "Higher income": {
        "precision": 0.20522388059701493,
        "recall": 0.09166666666666666,
        "f1-score": 0.12672811059907835,
        "support": 1800.0
    },
    "accuracy": 0.1994606135520845,
    "macro avg": {
        "precision": 0.2011981016510735,
        "recall": 0.20084290188982173,
        "f1-score": 0.18865347162692317,
        "support": 8899.0
    },
    "weighted avg": {
        "precision": 0.20126905554969904,
        "recall": 0.1994606135520845,
        "f1-score": 0.1879335298228686,
        "support": 8899.0
    },
    "time": 0.1669940948486328
}