{
    "0": {
        "precision": 0.21294718909710392,
        "recall": 0.20525451559934318,
        "f1-score": 0.20903010033444816,
        "support": 1827.0
    },
    "1": {
        "precision": 0.1901330376940133,
        "recall": 0.19302194710185705,
        "f1-score": 0.19156660150795868,
        "support": 1777.0
    },
    "2": {
        "precision": 0.19988642816581487,
        "recall": 0.20429483459082995,
        "f1-score": 0.2020665901262916,
        "support": 1723.0
    },
    "3": {
        "precision": 0.20971428571428571,
        "recall": 0.20711060948081264,
        "f1-score": 0.20840431572969903,
        "support": 1772.0
    },
    "4": {
        "precision": 0.1991223258365332,
        "recall": 0.20166666666666666,
        "f1-score": 0.20038642009384489,
        "support": 1800.0
    },
    "accuracy": 0.20226991796831104,
    "macro avg": {
        "precision": 0.2023606533015502,
        "recall": 0.20226971468790192,
        "f1-score": 0.20229080555844847,
        "support": 8899.0
    },
    "weighted avg": {
        "precision": 0.20242264737429413,
        "recall": 0.20226991796831104,
        "f1-score": 0.2023216746398727,
        "support": 8899.0
    },
    "time": 0.5270209312438965
}