{
    "0": {
        "precision": 0.20290697674418604,
        "recall": 0.19102353585112206,
        "f1-score": 0.19678601635184664,
        "support": 1827.0
    },
    "1": {
        "precision": 0.21267217630853993,
        "recall": 0.21722003376477209,
        "f1-score": 0.21492204899777284,
        "support": 1777.0
    },
    "2": {
        "precision": 0.2046242774566474,
        "recall": 0.20545560069645966,
        "f1-score": 0.2050390964378801,
        "support": 1723.0
    },
    "3": {
        "precision": 0.21265963353692394,
        "recall": 0.21613995485327314,
        "f1-score": 0.21438567030506578,
        "support": 1772.0
    },
    "4": {
        "precision": 0.21003818876159303,
        "recall": 0.21388888888888888,
        "f1-score": 0.2119460500963391,
        "support": 1800.0
    },
    "accuracy": 0.20867513203730756,
    "macro avg": {
        "precision": 0.20858025056157806,
        "recall": 0.20874560281090315,
        "f1-score": 0.20861577643778087,
        "support": 8899.0
    },
    "weighted avg": {
        "precision": 0.20857385596898567,
        "recall": 0.20867513203730756,
        "f1-score": 0.20857637870101364,
        "support": 8899.0
    },
    "time": 0.7950520515441895
}