{
    "0": {
        "precision": 0.9408573270305114,
        "recall": 0.9297696146087695,
        "f1-score": 0.9352806108826828,
        "support": 18838.0
    },
    "1": {
        "precision": 0.04407514450867052,
        "recall": 0.05249569707401033,
        "f1-score": 0.047918303220738416,
        "support": 1162.0
    },
    "accuracy": 0.8788,
    "macro avg": {
        "precision": 0.492466235769591,
        "recall": 0.49113265584138993,
        "f1-score": 0.4915994570517106,
        "support": 20000.0
    },
    "weighted avg": {
        "precision": 0.8887542822259924,
        "recall": 0.8788,
        "f1-score": 0.8837248608075239,
        "support": 20000.0
    },
    "time": 1.1375720500946045
}