{
    "Female": {
        "precision": 0.3570391872278665,
        "recall": 0.23814133591481124,
        "f1-score": 0.2857142857142857,
        "support": 1033.0
    },
    "Male": {
        "precision": 0.33475609756097563,
        "recall": 0.571875,
        "f1-score": 0.42230769230769233,
        "support": 960.0
    },
    "Nonbinary": {
        "precision": 0.35704125177809387,
        "recall": 0.24157844080846969,
        "f1-score": 0.2881745120551091,
        "support": 1039.0
    },
    "accuracy": 0.3449868073878628,
    "macro avg": {
        "precision": 0.3496121788556453,
        "recall": 0.35053159224109365,
        "f1-score": 0.3320654966923624,
        "support": 3032.0
    },
    "weighted avg": {
        "precision": 0.3499845628833649,
        "recall": 0.3449868073878628,
        "f1-score": 0.32980592341144466,
        "support": 3032.0
    },
    "time": 0.04129195213317871
}