{
    "European American or white": {
        "precision": 0.2857142857142857,
        "recall": 0.06153846153846154,
        "f1-score": 0.10126582278481013,
        "support": 65.0
    },
    "Latino/a/x American": {
        "precision": 0.02631578947368421,
        "recall": 0.018867924528301886,
        "f1-score": 0.02197802197802198,
        "support": 53.0
    },
    "African American or Black": {
        "precision": 0.13636363636363635,
        "recall": 0.1111111111111111,
        "f1-score": 0.12244897959183673,
        "support": 54.0
    },
    "Asian American": {
        "precision": 0.125,
        "recall": 0.037037037037037035,
        "f1-score": 0.05714285714285714,
        "support": 54.0
    },
    "Multiracial": {
        "precision": 0.14018691588785046,
        "recall": 0.2727272727272727,
        "f1-score": 0.18518518518518517,
        "support": 55.0
    },
    "American Indian or Alaska Native": {
        "precision": 0.13953488372093023,
        "recall": 0.10344827586206896,
        "f1-score": 0.1188118811881188,
        "support": 58.0
    },
    "Pacific Islander": {
        "precision": 0.14285714285714285,
        "recall": 0.3392857142857143,
        "f1-score": 0.20105820105820105,
        "support": 56.0
    },
    "accuracy": 0.1341772151898734,
    "macro avg": {
        "precision": 0.14228180771678997,
        "recall": 0.1348593995842811,
        "f1-score": 0.11541299270414729,
        "support": 395.0
    },
    "weighted avg": {
        "precision": 0.14653950735902765,
        "recall": 0.1341772151898734,
        "f1-score": 0.1159002693237383,
        "support": 395.0
    },
    "time": 0.008251190185546875
}