{
    "0": {
        "precision": 0.2034383954154728,
        "recall": 0.19430760810071154,
        "f1-score": 0.19876819708846585,
        "support": 1827.0
    },
    "1": {
        "precision": 0.1982712047541869,
        "recall": 0.20652785593697243,
        "f1-score": 0.20231532524807055,
        "support": 1777.0
    },
    "2": {
        "precision": 0.19060622610595304,
        "recall": 0.20255368543238536,
        "f1-score": 0.1963984243106359,
        "support": 1723.0
    },
    "3": {
        "precision": 0.19604421175101802,
        "recall": 0.1901805869074492,
        "f1-score": 0.19306788885706103,
        "support": 1772.0
    },
    "4": {
        "precision": 0.19623502567027953,
        "recall": 0.19111111111111112,
        "f1-score": 0.193639178159302,
        "support": 1800.0
    },
    "accuracy": 0.19687605348915607,
    "macro avg": {
        "precision": 0.19691901273938206,
        "recall": 0.19693616949772594,
        "f1-score": 0.19683780273270707,
        "support": 8899.0
    },
    "weighted avg": {
        "precision": 0.19699267291629655,
        "recall": 0.19687605348915607,
        "f1-score": 0.1968451661844173,
        "support": 8899.0
    },
    "time": 0.45794034004211426
}