{
    "0": {
        "precision": 0.19845559845559846,
        "recall": 0.19371859296482413,
        "f1-score": 0.19605848696757788,
        "support": 3980.0
    },
    "1": {
        "precision": 0.17919534145050292,
        "recall": 0.17862796833773087,
        "f1-score": 0.17891120507399577,
        "support": 3790.0
    },
    "2": {
        "precision": 0.14922870556673373,
        "recall": 0.1555944055944056,
        "f1-score": 0.15234508729887025,
        "support": 2860.0
    },
    "3": {
        "precision": 0.37259328110476697,
        "recall": 0.37323756318169726,
        "f1-score": 0.37291514386337965,
        "support": 7518.0
    },
    "4": {
        "precision": 0.08278508771929824,
        "recall": 0.08153347732181425,
        "f1-score": 0.08215451577801959,
        "support": 1852.0
    },
    "accuracy": 0.2425,
    "macro avg": {
        "precision": 0.19645160285938007,
        "recall": 0.19654240148009444,
        "f1-score": 0.19647688779636863,
        "support": 20000.0
    },
    "weighted avg": {
        "precision": 0.24251359968366623,
        "recall": 0.2425,
        "f1-score": 0.24249097049109763,
        "support": 20000.0
    },
    "time": 1.4143469333648682
}