{
    "0": {
        "precision": 0.20335223071234904,
        "recall": 0.20728643216080403,
        "f1-score": 0.20530048525569242,
        "support": 3980.0
    },
    "1": {
        "precision": 0.2014426930269837,
        "recall": 0.19894459102902376,
        "f1-score": 0.20018584893136865,
        "support": 3790.0
    },
    "2": {
        "precision": 0.14310109289617487,
        "recall": 0.1465034965034965,
        "f1-score": 0.14478230822391155,
        "support": 2860.0
    },
    "3": {
        "precision": 0.38468659084898177,
        "recall": 0.3869380154296355,
        "f1-score": 0.3858090185676393,
        "support": 7518.0
    },
    "4": {
        "precision": 0.08947368421052632,
        "recall": 0.0826133909287257,
        "f1-score": 0.08590679393599102,
        "support": 1852.0
    },
    "accuracy": 0.253,
    "macro avg": {
        "precision": 0.20441125833900314,
        "recall": 0.2044571852103371,
        "f1-score": 0.20439689098292058,
        "support": 20000.0
    },
    "weighted avg": {
        "precision": 0.2519928931825508,
        "recall": 0.253,
        "f1-score": 0.25247446421244485,
        "support": 20000.0
    },
    "time": 1.2642121315002441
}