{
    "0": {
        "precision": 0.21301446051167963,
        "recall": 0.20963327859879585,
        "f1-score": 0.2113103448275862,
        "support": 1827.0
    },
    "1": {
        "precision": 0.20289017341040463,
        "recall": 0.19752391671356218,
        "f1-score": 0.20017108639863132,
        "support": 1777.0
    },
    "2": {
        "precision": 0.18486486486486486,
        "recall": 0.19849100406268136,
        "f1-score": 0.19143576826196473,
        "support": 1723.0
    },
    "3": {
        "precision": 0.20168539325842696,
        "recall": 0.2025959367945824,
        "f1-score": 0.20213963963963963,
        "support": 1772.0
    },
    "4": {
        "precision": 0.1987363584147042,
        "recall": 0.1922222222222222,
        "f1-score": 0.1954250211804575,
        "support": 1800.0
    },
    "accuracy": 0.20013484661197886,
    "macro avg": {
        "precision": 0.20023825009201607,
        "recall": 0.20009327167836882,
        "f1-score": 0.2000963720616559,
        "support": 8899.0
    },
    "weighted avg": {
        "precision": 0.20039862699940328,
        "recall": 0.20013484661197886,
        "f1-score": 0.20019871095763547,
        "support": 8899.0
    },
    "time": 0.5259630680084229
}