{
    "0": {
        "precision": 0.2161697247706422,
        "recall": 0.20634920634920634,
        "f1-score": 0.21114533744049285,
        "support": 1827.0
    },
    "1": {
        "precision": 0.1963882618510158,
        "recall": 0.19583567810917277,
        "f1-score": 0.19611158072696533,
        "support": 1777.0
    },
    "2": {
        "precision": 0.195971692977681,
        "recall": 0.2089378990133488,
        "f1-score": 0.20224719101123595,
        "support": 1723.0
    },
    "3": {
        "precision": 0.20058309037900873,
        "recall": 0.19413092550790068,
        "f1-score": 0.1973042730140522,
        "support": 1772.0
    },
    "4": {
        "precision": 0.19442927362097215,
        "recall": 0.19777777777777777,
        "f1-score": 0.19608923161663452,
        "support": 1800.0
    },
    "accuracy": 0.2005843353185751,
    "macro avg": {
        "precision": 0.20070840871986398,
        "recall": 0.20060629735148128,
        "f1-score": 0.20057952276187616,
        "support": 8899.0
    },
    "weighted avg": {
        "precision": 0.2008078642695939,
        "recall": 0.2005843353185751,
        "f1-score": 0.20061900317550285,
        "support": 8899.0
    },
    "time": 0.9538729190826416
}