{
    "Domestic": {
        "precision": 0.4812286689419795,
        "recall": 0.4832904884318766,
        "f1-score": 0.48225737494655835,
        "support": 1167.0
    },
    "International": {
        "precision": 0.4949748743718593,
        "recall": 0.49291075896580483,
        "f1-score": 0.493940660259089,
        "support": 1199.0
    },
    "accuracy": 0.4881656804733728,
    "macro avg": {
        "precision": 0.48810177165691937,
        "recall": 0.4881006236988407,
        "f1-score": 0.4880990176028237,
        "support": 2366.0
    },
    "weighted avg": {
        "precision": 0.48819472993539703,
        "recall": 0.4881656804733728,
        "f1-score": 0.48817802544940037,
        "support": 2366.0
    },
    "time": 0.024313926696777344
}